ad_id,xyz_campaign_id,fb_campaign_id,age,gender,interest,impressions,clicks,spent,total_conversion,approved_conversion,is_zero_spend,ctr,cpc,cost_per_total_conv,cost_per_approved_conv,click_to_enquiry_rate,enquiry_to_purchase_rate,purchased
708746,916,103916,30-34,M,15,7350,1,1.429999948,2,1,False,0.0001,1.43,0.715,1.43,2.0,0.5,1
708749,916,103917,30-34,M,16,17861,2,1.820000023,2,0,False,0.0001,0.91,0.91,,1.0,0.0,0
708771,916,103920,30-34,M,20,693,0,0.0,1,0,True,0.0,,0.0,,,0.0,0
708815,916,103928,30-34,M,28,4259,1,1.25,1,0,False,0.0002,1.25,1.25,,1.0,0.0,0
708818,916,103928,30-34,M,28,4133,1,1.289999962,1,1,False,0.0002,1.29,1.29,1.29,1.0,1.0,1
708820,916,103929,30-34,M,29,1915,0,0.0,1,1,True,0.0,,0.0,0.0,,1.0,1
708889,916,103940,30-34,M,15,15615,3,4.769999981,1,0,False,0.0002,1.59,4.77,,0.3333,0.0,0
708895,916,103941,30-34,M,16,10951,1,1.269999981,1,1,False,0.0001,1.27,1.27,1.27,1.0,1.0,1
708953,916,103951,30-34,M,27,2355,1,1.5,1,0,False,0.0004,1.5,1.5,,1.0,0.0,0
708958,916,103952,30-34,M,28,9502,3,3.159999967,1,0,False,0.0003,1.0533,3.16,,0.3333,0.0,0
708979,916,103955,30-34,M,31,1224,0,0.0,1,0,True,0.0,,0.0,,,0.0,0
709023,916,103962,30-34,M,7,735,0,0.0,1,0,True,0.0,,0.0,,,0.0,0
709038,916,103965,30-34,M,16,5117,0,0.0,1,0,True,0.0,,0.0,,,0.0,0
709040,916,103965,30-34,M,16,5120,0,0.0,1,0,True,0.0,,0.0,,,0.0,0
709059,916,103968,30-34,M,20,14669,7,10.28000021,1,1,False,0.0005,1.4686,10.28,10.28,0.1429,1.0,1
709105,916,103976,30-34,M,28,1241,0,0.0,1,1,True,0.0,,0.0,0.0,,1.0,1
709115,916,103978,30-34,M,30,2305,1,0.569999993,1,0,False,0.0004,0.57,0.57,,1.0,0.0,0
709124,916,103979,30-34,M,31,1024,0,0.0,1,1,True,0.0,,0.0,0.0,,1.0,1
709179,916,103988,35-39,M,15,4627,1,1.690000057,1,0,False,0.0002,1.69,1.69,,1.0,0.0,0
709183,916,103989,35-39,M,16,21026,4,4.630000114,2,1,False,0.0002,1.1575,2.315,4.63,0.5,0.5,1
709320,916,104012,35-39,M,15,1422,0,0.0,1,1,True,0.0,,0.0,0.0,,1.0,1
709323,916,104012,35-39,M,15,7132,2,2.609999895,1,0,False,0.0003,1.305,2.61,,0.5,0.0,0
709326,916,104013,35-39,M,16,12190,2,3.049999952,1,0,False,0.0002,1.525,3.05,,0.5,0.0,0
709327,916,104013,35-39,M,16,12193,2,3.059999943,1,1,False,0.0002,1.53,3.06,3.06,0.5,1.0,1
709328,916,104013,35-39,M,16,3332,0,0.0,1,1,True,0.0,,0.0,0.0,,1.0,1
709455,916,104034,35-39,M,7,559,0,0.0,1,0,True,0.0,,0.0,,,0.0,0
709544,916,104049,35-39,M,29,7440,2,2.980000019,1,1,False,0.0003,1.49,2.98,2.98,0.5,1.0,1
709614,916,104061,40-44,M,16,19113,4,5.5200001,1,0,False,0.0002,1.38,5.52,,0.25,0.0,0
709756,916,104085,40-44,M,16,10976,2,1.690000057,1,1,False,0.0002,0.845,1.69,1.69,0.5,1.0,1
709761,916,104085,40-44,M,16,2861,0,0.0,1,0,True,0.0,,0.0,,,0.0,0
709899,916,104108,40-44,M,15,1398,0,0.0,1,1,True,0.0,,0.0,0.0,,1.0,1
709901,916,104109,40-44,M,16,23817,7,8.470000148,1,1,False,0.0003,1.21,8.47,8.47,0.1429,1.0,1
710045,916,104133,45-49,M,16,47224,12,15.82000017,1,0,False,0.0003,1.3183,15.82,,0.0833,0.0,0
710088,916,104140,45-49,M,24,2283,1,1.470000029,1,0,False,0.0004,1.47,1.47,,1.0,0.0,0
710360,916,104185,45-49,M,21,2182,1,1.529999971,1,1,False,0.0005,1.53,1.53,1.53,1.0,1.0,1
710477,916,104205,30-34,F,16,2654,0,0.0,1,1,True,0.0,,0.0,0.0,,1.0,1
710480,916,104205,30-34,F,16,57665,14,18.06999969,1,1,False,0.0002,1.2907,18.07,18.07,0.0714,1.0,1
710571,916,104220,30-34,F,32,3091,1,1.610000014,1,1,False,0.0003,1.61,1.61,1.61,1.0,1.0,1
710617,916,104228,30-34,F,15,5014,1,1.190000057,1,0,False,0.0002,1.19,1.19,,1.0,0.0,0
710623,916,104229,30-34,F,16,38726,7,9.220000267,1,0,False,0.0002,1.3171,9.22,,0.1429,0.0,0
710628,916,104230,30-34,F,18,1473,0,0.0,1,0,True,0.0,,0.0,,,0.0,0
710682,916,104239,30-34,F,27,1186,0,0.0,1,0,True,0.0,,0.0,,,0.0,0
710763,916,104252,30-34,F,15,5369,1,1.50999999,1,0,False,0.0002,1.51,1.51,,1.0,0.0,0
710836,916,104265,30-34,F,29,22221,7,9.430000067,1,1,False,0.0003,1.3471,9.43,9.43,0.1429,1.0,1
710867,916,104270,30-34,F,63,1185,0,0.0,1,0,True,0.0,,0.0,,,0.0,0
710880,916,104272,30-34,F,65,13019,5,6.960000038,1,0,False,0.0004,1.392,6.96,,0.2,0.0,0
710961,916,104285,35-39,F,25,2508,1,1.220000029,1,0,False,0.0004,1.22,1.22,,1.0,0.0,0
710968,916,104287,35-39,F,27,5864,2,2.799999952,1,1,False,0.0003,1.4,2.8,2.8,0.5,1.0,1
711217,916,104328,35-39,F,20,2783,1,1.600000024,1,0,False,0.0004,1.6,1.6,,1.0,0.0,0
711623,916,104396,40-44,F,15,3812,1,1.129999995,2,1,False,0.0003,1.13,0.565,1.13,2.0,0.5,1
711764,916,104419,45-49,F,10,11199,4,5.730000019,1,1,False,0.0004,1.4325,5.73,5.73,0.25,1.0,1
711785,916,104423,45-49,F,19,292,0,0.0,1,0,True,0.0,,0.0,,,0.0,0
711877,916,104438,45-49,F,63,17572,7,9.379999995,1,0,False,0.0004,1.34,9.38,,0.1429,0.0,0
712052,916,104467,45-49,F,10,1448,0,0.0,1,1,True,0.0,,0.0,0.0,,1.0,1
734209,936,108654,30-34,M,10,1772,0,0.0,1,1,True,0.0,,0.0,0.0,,1.0,1
734210,936,108654,30-34,M,10,13329,4,5.629999995,1,1,False,0.0003,1.4075,5.63,5.63,0.25,1.0,1
734215,936,108655,30-34,M,15,13659,3,3.840000033,1,0,False,0.0002,1.28,3.84,,0.3333,0.0,0
734243,936,108660,30-34,M,21,739,0,0.0,1,1,True,0.0,,0.0,0.0,,1.0,1
734266,936,108664,30-34,M,25,605,0,0.0,1,0,True,0.0,,0.0,,,0.0,0
734272,936,108665,30-34,M,26,1030,0,0.0,1,0,True,0.0,,0.0,,,0.0,0
734290,936,108668,30-34,M,29,5374,1,1.039999962,4,0,False,0.0002,1.04,0.26,,4.0,0.0,0
734313,936,108672,30-34,M,36,790,0,0.0,1,1,True,0.0,,0.0,0.0,,1.0,1
734314,936,108672,30-34,M,36,962,0,0.0,1,0,True,0.0,,0.0,,,0.0,0
734352,936,108678,35-39,M,10,4423,1,1.460000038,1,1,False,0.0002,1.46,1.46,1.46,1.0,1.0,1
734361,936,108680,35-39,M,16,12382,2,2.839999914,1,1,False,0.0002,1.42,2.84,2.84,0.5,1.0,1
734381,936,108683,35-39,M,20,2938,1,1.350000024,1,1,False,0.0003,1.35,1.35,1.35,1.0,1.0,1
734399,936,108686,35-39,M,23,239,0,0.0,1,0,True,0.0,,0.0,,,0.0,0
734418,936,108689,35-39,M,26,591,0,0.0,1,0,True,0.0,,0.0,,,0.0,0
734421,936,108690,35-39,M,27,10332,4,5.75,1,0,False,0.0004,1.4375,5.75,,0.25,0.0,0
734427,936,108691,35-39,M,28,8259,3,3.980000019,1,0,False,0.0004,1.3267,3.98,,0.3333,0.0,0
734433,936,108692,35-39,M,29,12158,3,4.449999928,1,0,False,0.0002,1.4833,4.45,,0.3333,0.0,0
734582,936,108716,40-44,M,29,7709,2,1.320000052,2,0,False,0.0003,0.66,0.66,,1.0,0.0,0
734605,936,108720,40-44,M,36,834,0,0.0,1,0,True,0.0,,0.0,,,0.0,0
734660,936,108729,45-49,M,18,1299,0,0.0,2,0,True,0.0,,0.0,,,0.0,0
734666,936,108730,45-49,M,19,371,0,0.0,1,0,True,0.0,,0.0,,,0.0,0
734726,936,108740,45-49,M,29,10466,3,4.090000033,1,0,False,0.0003,1.3633,4.09,,0.3333,0.0,0
734737,936,108742,45-49,M,31,839,0,0.0,1,0,True,0.0,,0.0,,,0.0,0
734785,936,108750,30-34,F,10,5576,1,1.529999971,1,1,False,0.0002,1.53,1.53,1.53,1.0,1.0,1
734794,936,108752,30-34,F,16,4010,0,0.0,1,0,True,0.0,,0.0,,,0.0,0
734796,936,108752,30-34,F,16,39337,7,10.03000009,1,1,False,0.0002,1.4329,10.03,10.03,0.1429,1.0,1
734800,936,108753,30-34,F,18,1635,0,0.0,1,0,True,0.0,,0.0,,,0.0,0
734803,936,108753,30-34,F,18,1631,0,0.0,1,0,True,0.0,,0.0,,,0.0,0
734852,936,108761,30-34,F,26,13479,3,4.25,1,0,False,0.0002,1.4167,4.25,,0.3333,0.0,0
734854,936,108762,30-34,F,27,57022,13,20.29000032,3,3,False,0.0002,1.5608,6.7633,6.7633,0.2308,1.0,1
734856,936,108762,30-34,F,27,5453,1,1.389999986,1,1,False,0.0002,1.39,1.39,1.39,1.0,1.0,1
734866,936,108764,30-34,F,29,11803,3,4.440000057,1,0,False,0.0003,1.48,4.44,,0.3333,0.0,0
734881,936,108766,30-34,F,31,4259,1,1.570000052,1,1,False,0.0002,1.57,1.57,1.57,1.0,1.0,1
734901,936,108770,30-34,F,64,1554,0,0.0,1,0,True,0.0,,0.0,,,0.0,0
734903,936,108770,30-34,F,64,5323,1,1.289999962,1,1,False,0.0002,1.29,1.29,1.29,1.0,1.0,1
734925,936,108774,35-39,F,10,5024,1,1.409999967,1,1,False,0.0002,1.41,1.41,1.41,1.0,1.0,1
734939,936,108776,35-39,F,16,104648,24,33.33000004,4,2,False,0.0002,1.3888,8.3325,16.665,0.1667,0.5,1
734968,936,108781,35-39,F,22,8504,3,3.340000093,1,1,False,0.0004,1.1133,3.34,3.34,0.3333,1.0,1
734999,936,108786,35-39,F,27,20277,6,8.050000072,1,0,False,0.0003,1.3417,8.05,,0.1667,0.0,0
735014,936,108788,35-39,F,29,12403,4,5.210000038,1,1,False,0.0003,1.3025,5.21,5.21,0.25,1.0,1
735032,936,108791,35-39,F,32,498,0,0.0,1,1,True,0.0,,0.0,0.0,,1.0,1
735033,936,108792,35-39,F,36,652,0,0.0,0,0,True,0.0,,,,,,0
735043,936,108793,35-39,F,63,1357,0,0.0,1,1,True,0.0,,0.0,0.0,,1.0,1
735048,936,108794,35-39,F,64,1393,0,0.0,1,0,True,0.0,,0.0,,,0.0,0
735065,936,108797,40-44,F,7,648,0,0.0,1,0,True,0.0,,0.0,,,0.0,0
735109,936,108804,40-44,F,21,708,0,0.0,1,1,True,0.0,,0.0,0.0,,1.0,1
735140,936,108809,40-44,F,26,6907,2,2.349999964,1,0,False,0.0003,1.175,2.35,,0.5,0.0,0
735143,936,108810,40-44,F,27,39035,13,19.32999957,1,0,False,0.0003,1.4869,19.33,,0.0769,0.0,0
735151,936,108811,40-44,F,28,926,0,0.0,1,0,True,0.0,,0.0,,,0.0,0
735184,936,108817,40-44,F,63,4412,1,1.450000048,1,0,False,0.0002,1.45,1.45,,1.0,0.0,0
735189,936,108818,40-44,F,64,9965,3,4.050000072,1,0,False,0.0003,1.35,4.05,,0.3333,0.0,0
735213,936,108822,45-49,F,10,73634,23,32.97999978,1,0,False,0.0003,1.4339,32.98,,0.0435,0.0,0
735220,936,108823,45-49,F,15,69708,20,31.28999949,1,0,False,0.0003,1.5645,31.29,,0.05,0.0,0
735242,936,108826,45-49,F,19,530,0,0.0,1,0,True,0.0,,0.0,,,0.0,0
735247,936,108827,45-49,F,20,14257,6,8.789999962,1,0,False,0.0004,1.465,8.79,,0.1667,0.0,0
735289,936,108834,45-49,F,27,20362,5,9.119999886,1,1,False,0.0002,1.824,9.12,9.12,0.2,1.0,1
735290,936,108834,45-49,F,27,12215,4,6.26000011,1,0,False,0.0003,1.565,6.26,,0.25,0.0,0
735298,936,108836,45-49,F,29,85412,28,38.63999999,2,1,False,0.0003,1.38,19.32,38.64,0.0714,0.5,1
736869,936,109448,30-34,M,2,2338,1,0.239999995,1,0,False,0.0004,0.24,0.24,,1.0,0.0,0
736890,936,109451,30-34,M,15,2522,0,0.0,1,0,True,0.0,,0.0,,,0.0,0
736893,936,109452,30-34,M,16,3587,0,0.0,1,0,True,0.0,,0.0,,,0.0,0
736977,936,109470,30-34,M,27,1273,0,0.0,1,0,True,0.0,,0.0,,,0.0,0
736988,936,109472,30-34,M,28,3891,1,1.090000033,1,0,False,0.0003,1.09,1.09,,1.0,0.0,0
736995,936,109473,30-34,M,29,1888,0,0.0,1,0,True,0.0,,0.0,,,0.0,0
736997,936,109473,30-34,M,29,1895,0,0.0,1,0,True,0.0,,0.0,,,0.0,0
737097,936,109498,35-39,M,7,715,0,0.0,1,0,True,0.0,,0.0,,,0.0,0
737130,936,109507,35-39,M,16,11199,2,2.680000067,1,0,False,0.0002,1.34,2.68,,0.5,0.0,0
737320,936,109553,35-39,M,63,5676,2,3.00999999,1,0,False,0.0004,1.505,3.01,,0.5,0.0,0
737375,936,109565,40-44,M,10,1415,0,0.0,1,0,True,0.0,,0.0,,,0.0,0
737524,936,109601,40-44,M,30,2148,1,1.580000043,1,1,False,0.0005,1.58,1.58,1.58,1.0,1.0,1
737644,936,109629,45-49,M,16,45401,10,14.06000042,1,0,False,0.0002,1.406,14.06,,0.1,0.0,0
737657,936,109633,45-49,M,18,7478,2,2.900000095,1,1,False,0.0003,1.45,2.9,2.9,0.5,1.0,1
737658,936,109633,45-49,M,18,4919,1,1.590000033,1,0,False,0.0002,1.59,1.59,,1.0,0.0,0
737674,936,109637,45-49,M,20,533,0,0.0,1,1,True,0.0,,0.0,0.0,,1.0,1
737766,936,109659,45-49,M,29,1447,0,0.0,1,1,True,0.0,,0.0,0.0,,1.0,1
737896,936,109689,30-34,F,16,17553,3,4.590000153,1,0,False,0.0002,1.53,4.59,,0.3333,0.0,0
737931,936,109698,30-34,F,20,3343,1,0.540000021,1,0,False,0.0003,0.54,0.54,,1.0,0.0,0
737961,936,109706,30-34,F,23,523,0,0.0,1,0,True,0.0,,0.0,,,0.0,0
737995,936,109714,30-34,F,26,1873,0,0.0,1,0,True,0.0,,0.0,,,0.0,0
738006,936,109717,30-34,F,27,34740,7,13.41000009,1,1,False,0.0002,1.9157,13.41,13.41,0.1429,1.0,1
738067,936,109731,30-34,F,32,658,0,0.0,1,0,True,0.0,,0.0,,,0.0,0
738098,936,109738,30-34,F,64,1539,0,0.0,1,0,True,0.0,,0.0,,,0.0,0
738307,936,109788,35-39,F,31,3010,1,0.860000014,1,1,False,0.0003,0.86,0.86,0.86,1.0,1.0,1
738389,936,109808,40-44,F,10,27081,9,10.77000046,1,1,False,0.0003,1.1967,10.77,10.77,0.1111,1.0,1
738408,936,109813,40-44,F,16,20233,4,5.590000153,3,0,False,0.0002,1.3975,1.8633,,0.75,0.0,0
738413,936,109813,40-44,F,16,147159,36,58.16000044,3,1,False,0.0002,1.6156,19.3867,58.16,0.0833,0.3333,1
738423,936,109816,40-44,F,18,21664,7,10.61999977,1,1,False,0.0003,1.5171,10.62,10.62,0.1429,1.0,1
738436,936,109820,40-44,F,19,9112,4,5.460000038,1,1,False,0.0004,1.365,5.46,5.46,0.25,1.0,1
738463,936,109826,40-44,F,21,542,0,0.0,1,0,True,0.0,,0.0,,,0.0,0
738528,936,109839,40-44,F,30,402,0,0.0,1,1,True,0.0,,0.0,0.0,,1.0,1
738560,936,109844,40-44,F,64,1338,0,0.0,1,0,True,0.0,,0.0,,,0.0,0
738582,936,109848,45-49,F,10,46150,15,20.17999983,1,1,False,0.0003,1.3453,20.18,20.18,0.0667,1.0,1
738592,936,109850,45-49,F,16,493821,116,176.3799977,4,1,False,0.0002,1.5205,44.095,176.38,0.0345,0.25,1
738593,936,109850,45-49,F,16,92011,27,34.39000046,2,1,False,0.0003,1.2737,17.195,34.39,0.0741,0.5,1
738598,936,109851,45-49,F,18,12956,4,5.49000001,1,1,False,0.0003,1.3725,5.49,5.49,0.25,1.0,1
738606,936,109852,45-49,F,19,529,0,0.0,1,0,True,0.0,,0.0,,,0.0,0
738637,936,109857,45-49,F,24,944,1,1.419999957,1,0,False,0.0011,1.42,1.42,,1.0,0.0,0
738648,936,109859,45-49,F,26,111090,38,51.97000027,5,1,False,0.0003,1.3676,10.394,51.97,0.1316,0.2,1
747212,936,110836,30-34,M,10,7208,2,3.190000057,1,0,False,0.0003,1.595,3.19,,0.5,0.0,0
747213,936,110836,30-34,M,10,1746,0,0.0,1,0,True,0.0,,0.0,,,0.0,0
747220,936,110837,30-34,M,15,2474,0,0.0,2,2,True,0.0,,0.0,0.0,,1.0,1
747222,936,110838,30-34,M,16,12489,2,1.960000038,1,0,False,0.0002,0.98,1.96,,0.5,0.0,0
747223,936,110838,30-34,M,16,8032,1,0.600000024,2,0,False,0.0001,0.6,0.3,,2.0,0.0,0
747248,936,110842,30-34,M,21,472,0,0.0,1,1,True,0.0,,0.0,0.0,,1.0,1
747332,936,110856,30-34,M,64,792,0,0.0,1,1,True,0.0,,0.0,0.0,,1.0,1
747362,936,110861,35-39,M,15,4607,1,1.149999976,1,1,False,0.0002,1.15,1.15,1.15,1.0,1.0,1
747369,936,110862,35-39,M,16,13355,2,3.180000067,1,1,False,0.0001,1.59,3.18,3.18,0.5,1.0,1
747370,936,110862,35-39,M,16,2936,0,0.0,1,0,True,0.0,,0.0,,,0.0,0
747401,936,110867,35-39,M,22,2793,1,0.980000019,1,1,False,0.0004,0.98,0.98,0.98,1.0,1.0,1
747435,936,110873,35-39,M,28,1032,0,0.0,1,0,True,0.0,,0.0,,,0.0,0
747439,936,110874,35-39,M,29,1662,0,0.0,1,1,True,0.0,,0.0,0.0,,1.0,1
747489,936,110882,40-44,M,2,4016,2,1.480000049,1,1,False,0.0005,0.74,1.48,1.48,0.5,1.0,1
747514,936,110886,40-44,M,16,14843,3,2.939999938,1,1,False,0.0002,0.98,2.94,2.94,0.3333,1.0,1
747645,936,110908,45-49,M,10,9674,3,4.600000024,1,1,False,0.0003,1.5333,4.6,4.6,0.3333,1.0,1
747659,936,110910,45-49,M,16,12186,2,2.669999957,1,0,False,0.0002,1.335,2.67,,0.5,0.0,0
747675,936,110913,45-49,M,20,673,0,0.0,1,0,True,0.0,,0.0,,,0.0,0
747678,936,110914,45-49,M,21,370,0,0.0,1,1,True,0.0,,0.0,0.0,,1.0,1
747712,936,110919,45-49,M,26,450,0,0.0,1,1,True,0.0,,0.0,0.0,,1.0,1
747790,936,110932,30-34,F,10,2077,0,0.0,1,1,True,0.0,,0.0,0.0,,1.0,1
747791,936,110932,30-34,F,10,31393,8,10.96000051,1,1,False,0.0003,1.37,10.96,10.96,0.125,1.0,1
747795,936,110933,30-34,F,15,8410,2,2.359999895,1,1,False,0.0002,1.18,2.36,2.36,0.5,1.0,1
747798,936,110934,30-34,F,16,25884,5,7.350000143,1,0,False,0.0002,1.47,7.35,,0.2,0.0,0
747824,936,110938,30-34,F,21,608,0,0.0,1,1,True,0.0,,0.0,0.0,,1.0,1
747828,936,110939,30-34,F,22,28488,10,9.340000033,1,0,False,0.0004,0.934,9.34,,0.1,0.0,0
747852,936,110943,30-34,F,26,10126,3,4.619999886,1,0,False,0.0003,1.54,4.62,,0.3333,0.0,0
747859,936,110944,30-34,F,27,22572,5,8.5,1,0,False,0.0002,1.7,8.5,,0.2,0.0,0
747863,936,110944,30-34,F,27,1955,0,0.0,1,1,True,0.0,,0.0,0.0,,1.0,1
747879,936,110947,30-34,F,30,493,0,0.0,1,0,True,0.0,,0.0,,,0.0,0
747903,936,110951,30-34,F,63,1491,0,0.0,1,1,True,0.0,,0.0,0.0,,1.0,1
747911,936,110952,30-34,F,64,1495,0,0.0,1,1,True,0.0,,0.0,0.0,,1.0,1
747968,936,110962,35-39,F,21,512,0,0.0,0,0,True,0.0,,,,,,0
747991,936,110966,35-39,F,25,4868,2,2.420000076,1,0,False,0.0004,1.21,2.42,,0.5,0.0,0
748000,936,110967,35-39,F,26,6585,2,2.950000048,1,0,False,0.0003,1.475,2.95,,0.5,0.0,0
748007,936,110968,35-39,F,27,10164,2,3.720000029,1,1,False,0.0002,1.86,3.72,3.72,0.5,1.0,1
748014,936,110970,35-39,F,29,11182,4,4.449999809,1,0,False,0.0004,1.1125,4.45,,0.25,0.0,0
748045,936,110975,35-39,F,63,1238,0,0.0,1,0,True,0.0,,0.0,,,0.0,0
748086,936,110982,40-44,F,16,34127,8,13.07000017,1,0,False,0.0002,1.6338,13.07,,0.125,0.0,0
748087,936,110982,40-44,F,16,29466,7,10.84999967,2,0,False,0.0002,1.55,5.425,,0.2857,0.0,0
748089,936,110982,40-44,F,16,38759,9,10.84999967,1,0,False,0.0002,1.2056,10.85,,0.1111,0.0,0
748091,936,110982,40-44,F,16,41720,10,12.06000006,1,1,False,0.0002,1.206,12.06,12.06,0.1,1.0,1
748225,936,111005,45-49,F,15,18602,5,8.860000134,1,0,False,0.0003,1.772,8.86,,0.2,0.0,0
748230,936,111006,45-49,F,16,83929,21,27.72999954,4,1,False,0.0003,1.3205,6.9325,27.73,0.1905,0.25,1
748231,936,111006,45-49,F,16,25194,6,7.349999905,1,0,False,0.0002,1.225,7.35,,0.1667,0.0,0
748233,936,111006,45-49,F,16,78627,19,26.53000045,1,0,False,0.0002,1.3963,26.53,,0.0526,0.0,0
748235,936,111006,45-49,F,16,102695,25,39.42999983,3,0,False,0.0002,1.5772,13.1433,,0.12,0.0,0
748294,936,111016,45-49,F,27,82827,24,47.93000031,3,0,False,0.0003,1.9971,15.9767,,0.125,0.0,0
748295,936,111016,45-49,F,27,9240,3,6.039999962,1,0,False,0.0003,2.0133,6.04,,0.3333,0.0,0
748303,936,111018,45-49,F,29,7706,2,2.369999886,1,0,False,0.0003,1.185,2.37,,0.5,0.0,0
748314,936,111020,45-49,F,31,7821,4,6.340000153,1,1,False,0.0005,1.585,6.34,6.34,0.25,1.0,1
748341,936,111024,45-49,F,64,1363,0,0.0,1,1,True,0.0,,0.0,0.0,,1.0,1
776318,936,115484,45-49,F,15,3569,0,0.0,1,1,True,0.0,,0.0,0.0,,1.0,1
776322,936,115485,45-49,F,16,119063,34,53.21999949,1,0,False,0.0003,1.5653,53.22,,0.0294,0.0,0
776323,936,115485,45-49,F,16,99078,23,35.79999948,2,0,False,0.0002,1.5565,17.9,,0.087,0.0,0
776325,936,115485,45-49,F,16,452398,114,180.2200012,1,0,False,0.0003,1.5809,180.22,,0.0088,0.0,0
776334,936,115487,45-49,F,10,191223,48,76.41000056,1,0,False,0.0003,1.5919,76.41,,0.0208,0.0,0
776336,936,115487,45-49,F,10,22216,6,9.549999952,1,0,False,0.0003,1.5917,9.55,,0.1667,0.0,0
776338,936,115487,45-49,F,10,48291,11,18.01999998,1,0,False,0.0002,1.6382,18.02,,0.0909,0.0,0
776353,936,115490,40-44,F,63,27559,8,13.37,1,0,False,0.0003,1.6712,13.37,,0.125,0.0,0
776373,936,115493,45-49,F,25,10194,4,4.590000033,2,1,False,0.0004,1.1475,2.295,4.59,0.5,0.5,1
776383,936,115495,45-49,F,23,1168,0,0.0,1,1,True,0.0,,0.0,0.0,,1.0,1
776405,936,115498,45-49,F,21,40126,16,25.86000001,1,0,False,0.0004,1.6163,25.86,,0.0625,0.0,0
776416,936,115500,45-49,F,19,3659,1,0.49000001,1,1,False,0.0003,0.49,0.49,0.49,1.0,1.0,1
776430,936,115503,30-34,M,10,3200,0,0.0,1,0,True,0.0,,0.0,,,0.0,0
776464,936,115508,45-49,F,29,7550,1,1.679999948,1,1,False,0.0001,1.68,1.68,1.68,1.0,1.0,1
776469,936,115509,45-49,F,28,45397,15,25.41999936,1,1,False,0.0003,1.6947,25.42,25.42,0.0667,1.0,1
776473,936,115510,30-34,M,16,23086,2,3.310000062,1,1,False,0.0001,1.655,3.31,3.31,0.5,1.0,1
776475,936,115510,30-34,M,16,16425,1,1.549999952,1,0,False,0.0001,1.55,1.55,,1.0,0.0,0
776476,936,115510,30-34,M,16,43756,5,5.439999938,0,0,False,0.0001,1.088,,,0.0,,0
776477,936,115510,30-34,M,16,9982,0,0.0,1,0,True,0.0,,0.0,,,0.0,0
776489,936,115512,45-49,F,26,175389,55,81.60999787,1,0,False,0.0003,1.4838,81.61,,0.0182,0.0,0
776494,936,115513,30-34,M,15,7015,0,0.0,1,0,True,0.0,,0.0,,,0.0,0
776515,936,115517,45-49,F,65,12706,3,4.98999989,1,1,False,0.0002,1.6633,4.99,4.99,0.3333,1.0,1
776519,936,115517,45-49,F,65,70702,20,31.7099998,1,0,False,0.0003,1.5855,31.71,,0.05,0.0,0
776533,936,115520,45-49,F,63,63927,16,25.52000046,2,0,False,0.0003,1.595,12.76,,0.125,0.0,0
776534,936,115520,45-49,F,63,15105,3,4.25999999,1,0,False,0.0002,1.42,4.26,,0.3333,0.0,0
776538,936,115521,30-34,F,15,8774,1,1.830000043,1,0,False,0.0001,1.83,1.83,,1.0,0.0,0
776551,936,115523,30-34,F,16,14459,1,1.389999986,1,0,False,0.0001,1.39,1.39,,1.0,0.0,0
776552,936,115523,30-34,F,16,21596,2,2.809999943,1,0,False,0.0001,1.405,2.81,,0.5,0.0,0
776553,936,115523,30-34,F,16,66765,8,11.04999971,1,0,False,0.0001,1.3812,11.05,,0.125,0.0,0
776563,936,115525,30-34,F,7,1369,0,0.0,1,1,True,0.0,,0.0,0.0,,1.0,1
776579,936,115527,30-34,F,10,26910,5,7.229999781,1,0,False,0.0002,1.446,7.23,,0.2,0.0,0
776603,936,115531,30-34,F,2,506,0,0.0,1,0,True,0.0,,0.0,,,0.0,0
776615,936,115533,45-49,M,63,11988,3,4.269999862,1,0,False,0.0003,1.4233,4.27,,0.3333,0.0,0
776623,936,115535,45-49,M,64,19353,6,9.4799999,1,1,False,0.0003,1.58,9.48,9.48,0.1667,1.0,1
776631,936,115536,40-44,M,29,10960,2,2.890000105,1,0,False,0.0002,1.445,2.89,,0.5,0.0,0
776643,936,115538,30-34,M,15,33491,6,10.56999969,2,1,False,0.0002,1.7617,5.285,10.57,0.3333,0.5,1
776644,936,115538,30-34,M,15,20083,2,3.200000048,2,1,False,0.0001,1.6,1.6,3.2,1.0,0.5,1
776659,936,115541,30-34,M,16,8817,0,0.0,1,1,True,0.0,,0.0,0.0,,1.0,1
776661,936,115541,30-34,M,16,15466,1,0.970000029,1,0,False,0.0001,0.97,0.97,,1.0,0.0,0
776662,936,115541,30-34,M,16,27072,3,4.370000005,1,0,False,0.0001,1.4567,4.37,,0.3333,0.0,0
776663,936,115541,30-34,M,16,15753,1,0.569999993,1,1,False,0.0001,0.57,0.57,0.57,1.0,1.0,1
776668,936,115542,40-44,M,19,3523,1,1.809999943,1,1,False,0.0003,1.81,1.81,1.81,1.0,1.0,1
776685,936,115545,40-44,M,16,7745,0,0.0,1,0,True,0.0,,0.0,,,0.0,0
776686,936,115545,40-44,M,16,18709,2,3.319999933,1,0,False,0.0001,1.66,3.32,,0.5,0.0,0
776687,936,115545,40-44,M,16,8022,0,0.0,2,1,True,0.0,,0.0,0.0,,0.5,1
776696,936,115547,30-34,M,10,7966,1,1.179999948,1,1,False,0.0001,1.18,1.18,1.18,1.0,1.0,1
776697,936,115547,30-34,M,10,4132,0,0.0,1,1,True,0.0,,0.0,0.0,,1.0,1
776698,936,115547,30-34,M,10,12785,3,4.730000019,2,1,False,0.0002,1.5767,2.365,4.73,0.6667,0.5,1
776699,936,115547,30-34,M,10,8213,1,1.379999995,1,1,False,0.0001,1.38,1.38,1.38,1.0,1.0,1
776722,936,115551,30-34,M,2,545,0,0.0,1,1,True,0.0,,0.0,0.0,,1.0,1
776725,936,115552,40-44,M,23,2479,1,1.25999999,1,0,False,0.0004,1.26,1.26,,1.0,0.0,0
776780,936,115561,40-44,M,2,3812,2,3.049999952,1,0,False,0.0005,1.525,3.05,,0.5,0.0,0
776793,936,115563,45-49,M,21,1609,0,0.0,1,0,True,0.0,,0.0,,,0.0,0
776799,936,115564,45-49,M,20,10257,3,3.579999924,1,1,False,0.0003,1.1933,3.58,3.58,0.3333,1.0,1
776817,936,115567,40-44,M,10,12356,4,6.279999971,1,0,False,0.0003,1.57,6.28,,0.25,0.0,0
776825,936,115568,45-49,M,18,7410,1,1.210000038,1,0,False,0.0001,1.21,1.21,,1.0,0.0,0
776829,936,115569,45-49,M,16,140098,28,46.63000011,1,0,False,0.0002,1.6654,46.63,,0.0357,0.0,0
776831,936,115569,45-49,M,16,107021,20,34.44000012,1,0,False,0.0002,1.722,34.44,,0.05,0.0,0
776840,936,115571,35-39,M,36,2797,1,1.289999962,1,0,False,0.0004,1.29,1.29,,1.0,0.0,0
776861,936,115574,45-49,M,7,16461,6,9.21999979,1,0,False,0.0004,1.5367,9.22,,0.1667,0.0,0
776892,936,115580,40-44,M,63,17488,5,7.719999909,1,0,False,0.0003,1.544,7.72,,0.2,0.0,0
776928,936,115586,35-39,M,10,9750,2,1.5,1,1,False,0.0002,0.75,1.5,1.5,0.5,1.0,1
776935,936,115587,45-49,M,36,1136,0,0.0,1,1,True,0.0,,0.0,0.0,,1.0,1
777105,936,115615,45-49,M,63,4333,1,0.180000007,1,1,False,0.0002,0.18,0.18,0.18,1.0,1.0,1
777130,936,115619,35-39,M,16,6260,0,0.0,1,0,True,0.0,,0.0,,,0.0,0
777131,936,115619,35-39,M,16,6359,0,0.0,1,0,True,0.0,,0.0,,,0.0,0
777166,936,115625,30-34,M,63,2383,0,0.0,1,1,True,0.0,,0.0,0.0,,1.0,1
777187,936,115629,40-44,M,27,11292,3,5.389999866,1,1,False,0.0003,1.7967,5.39,5.39,0.3333,1.0,1
777198,936,115631,30-34,M,64,12729,4,5.779999852,1,0,False,0.0003,1.445,5.78,,0.25,0.0,0
777200,936,115631,30-34,M,64,1898,0,0.0,1,1,True,0.0,,0.0,0.0,,1.0,1
777201,936,115631,30-34,M,64,1882,0,0.0,1,1,True,0.0,,0.0,0.0,,1.0,1
777235,936,115637,30-34,M,65,2883,1,0.99000001,1,1,False,0.0003,0.99,0.99,0.99,1.0,1.0,1
777248,936,115639,30-34,F,7,3989,1,1.279999971,1,0,False,0.0003,1.28,1.28,,1.0,0.0,0
777261,936,115641,40-44,M,29,19603,4,5.279999971,1,1,False,0.0002,1.32,5.28,5.28,0.25,1.0,1
777382,936,115675,40-44,M,24,3047,1,1.379999995,1,0,False,0.0003,1.38,1.38,,1.0,0.0,0
777398,936,115677,35-39,M,24,3029,1,1.049999952,1,1,False,0.0003,1.05,1.05,1.05,1.0,1.0,1
777410,936,115679,45-49,M,26,3490,1,1.340000033,1,1,False,0.0003,1.34,1.34,1.34,1.0,1.0,1
777482,936,115691,45-49,M,28,2479,0,0.0,1,0,True,0.0,,0.0,,,0.0,0
777495,936,115693,40-44,M,19,19581,7,10.42999983,2,0,False,0.0004,1.49,5.215,,0.2857,0.0,0
777519,936,115697,45-49,M,29,19537,5,6.099999905,1,0,False,0.0003,1.22,6.1,,0.2,0.0,0
777625,936,115715,45-49,M,16,59433,12,19.65999949,3,0,False,0.0002,1.6383,6.5533,,0.25,0.0,0
777627,936,115715,45-49,M,16,157534,33,56.19000077,2,0,False,0.0002,1.7027,28.095,,0.0606,0.0,0
777638,936,115717,40-44,M,7,1781,0,0.0,1,1,True,0.0,,0.0,0.0,,1.0,1
777670,936,115723,40-44,M,16,23769,4,6.029999852,1,0,False,0.0002,1.5075,6.03,,0.25,0.0,0
777673,936,115723,40-44,M,16,7101,0,0.0,1,0,True,0.0,,0.0,,,0.0,0
777742,936,115735,35-39,M,64,4726,1,1.830000043,1,1,False,0.0002,1.83,1.83,1.83,1.0,1.0,1
777758,936,115737,30-34,M,19,5209,1,0.959999979,2,0,False,0.0002,0.96,0.48,,2.0,0.0,0
777794,936,115743,30-34,M,18,13473,3,2.619999945,3,0,False,0.0002,0.8733,0.8733,,1.0,0.0,0
777816,936,115747,40-44,M,2,500,0,0.0,1,1,True,0.0,,0.0,0.0,,1.0,1
777871,936,115756,30-34,M,20,4616,1,1.360000014,1,0,False,0.0002,1.36,1.36,,1.0,0.0,0
777904,936,115762,30-34,M,31,3279,0,0.0,1,0,True,0.0,,0.0,,,0.0,0
777905,936,115762,30-34,M,31,3288,0,0.0,1,0,True,0.0,,0.0,,,0.0,0
778037,936,115784,35-39,M,27,14615,4,6.050000191,1,0,False,0.0003,1.5125,6.05,,0.25,0.0,0
778048,936,115786,30-34,M,27,56615,12,19.88000035,2,0,False,0.0002,1.6567,9.94,,0.1667,0.0,0
778085,936,115792,30-34,M,26,11735,3,4.529999971,1,1,False,0.0003,1.51,4.53,4.53,0.3333,1.0,1
778087,936,115792,30-34,M,26,15910,5,6.779999852,1,0,False,0.0003,1.356,6.78,,0.2,0.0,0
778112,936,115796,35-39,M,29,11446,2,3.090000033,1,1,False,0.0002,1.545,3.09,3.09,0.5,1.0,1
778113,936,115796,35-39,M,29,4595,0,0.0,1,0,True,0.0,,0.0,,,0.0,0
778124,936,115798,30-34,M,29,4871,0,0.0,1,0,True,0.0,,0.0,,,0.0,0
778148,936,115802,35-39,M,28,3199,0,0.0,1,0,True,0.0,,0.0,,,0.0,0
778156,936,115804,30-34,M,28,9388,2,3.140000105,1,0,False,0.0002,1.57,3.14,,0.5,0.0,0
778161,936,115804,30-34,M,28,17954,6,7.5400002,2,1,False,0.0003,1.2567,3.77,7.54,0.3333,0.5,1
778208,936,115812,40-44,F,29,2755,0,0.0,1,0,True,0.0,,0.0,,,0.0,0
778264,936,115822,40-44,F,27,8152,1,0.99000001,1,0,False,0.0001,0.99,0.99,,1.0,0.0,0
778266,936,115822,40-44,F,27,74542,19,34.1500001,1,0,False,0.0003,1.7974,34.15,,0.0526,0.0,0
778421,936,115848,40-44,F,20,6699,2,3.090000033,1,0,False,0.0003,1.545,3.09,,0.5,0.0,0
778422,936,115848,40-44,F,20,11911,4,3.959999919,1,0,False,0.0003,0.99,3.96,,0.25,0.0,0
778461,936,115854,40-44,M,29,10090,2,2.650000095,1,1,False,0.0002,1.325,2.65,2.65,0.5,1.0,1
778471,936,115856,30-34,M,32,1273,0,0.0,1,1,True,0.0,,0.0,0.0,,1.0,1
778483,936,115858,40-44,F,18,24188,5,8.179999828,1,0,False,0.0002,1.636,8.18,,0.2,0.0,0
778529,936,115866,30-34,M,31,2214,0,0.0,1,0,True,0.0,,0.0,,,0.0,0
778556,936,115870,40-44,M,32,9735,4,4.130000114,1,1,False,0.0004,1.0325,4.13,4.13,0.25,1.0,1
778590,936,115876,30-34,M,30,1371,0,0.0,1,1,True,0.0,,0.0,0.0,,1.0,1
778600,936,115878,40-44,F,22,10750,4,5.389999866,1,0,False,0.0004,1.3475,5.39,,0.25,0.0,0
778626,936,115882,30-34,M,29,7629,1,0.720000029,1,1,False,0.0001,0.72,0.72,0.72,1.0,1.0,1
778628,936,115882,30-34,M,29,4608,0,0.0,1,0,True,0.0,,0.0,,,0.0,0
778674,936,115890,35-39,M,29,3732,0,0.0,1,0,True,0.0,,0.0,,,0.0,0
778689,936,115892,30-34,M,28,7453,1,1.679999948,1,1,False,0.0001,1.68,1.68,1.68,1.0,1.0,1
778722,936,115898,35-39,F,64,41785,14,19.10000038,1,0,False,0.0003,1.3643,19.1,,0.0714,0.0,0
778737,936,115900,35-39,M,27,8077,2,3.579999924,1,1,False,0.0002,1.79,3.58,3.58,0.5,1.0,1
778756,936,115904,35-39,F,63,5602,1,1.580000043,1,0,False,0.0002,1.58,1.58,,1.0,0.0,0
778804,936,115912,30-34,M,26,6184,2,2.75,1,1,False,0.0003,1.375,2.75,2.75,0.5,1.0,1
778808,936,115912,30-34,M,26,1738,0,0.0,1,0,True,0.0,,0.0,,,0.0,0
778964,936,115938,35-39,F,27,112460,25,41.29000068,1,0,False,0.0002,1.6516,41.29,,0.04,0.0,0
779057,936,115954,40-44,M,15,4414,0,0.0,1,0,True,0.0,,0.0,,,0.0,0
779106,936,115962,35-39,F,30,14670,7,9.410000324,1,0,False,0.0005,1.3443,9.41,,0.1429,0.0,0
779438,936,116031,30-34,F,64,33144,9,13.40999985,1,0,False,0.0003,1.49,13.41,,0.1111,0.0,0
779453,936,116033,45-49,M,64,4397,1,0.949999988,1,0,False,0.0002,0.95,0.95,,1.0,0.0,0
779488,936,116039,45-49,M,65,1006,0,0.0,1,0,True,0.0,,0.0,,,0.0,0
779573,936,116053,35-39,F,10,89527,24,32.28999996,1,0,False,0.0003,1.3454,32.29,,0.0417,0.0,0
779608,936,116059,35-39,F,15,2459,0,0.0,1,0,True,0.0,,0.0,,,0.0,0
779609,936,116059,35-39,F,15,7116,2,1.730000019,1,1,False,0.0003,0.865,1.73,1.73,0.5,1.0,1
779622,936,116061,30-34,F,15,8613,1,0.889999986,2,0,False,0.0001,0.89,0.445,,2.0,0.0,0
779631,936,116063,35-39,F,16,9730,1,1.379999995,1,0,False,0.0001,1.38,1.38,,1.0,0.0,0
779644,936,116065,30-34,F,16,51816,8,10.2299999,2,1,False,0.0002,1.2787,5.115,10.23,0.25,0.5,1
779645,936,116065,30-34,F,16,27289,3,4.429999828,1,0,False,0.0001,1.4767,4.43,,0.3333,0.0,0
779715,936,116077,30-34,F,29,20409,4,3.829999924,1,0,False,0.0002,0.9575,3.83,,0.25,0.0,0
779716,936,116077,30-34,F,29,8044,1,1.110000014,1,0,False,0.0001,1.11,1.11,,1.0,0.0,0
779738,936,116081,30-34,F,28,15645,4,5.349999905,1,0,False,0.0003,1.3375,5.35,,0.25,0.0,0
779778,936,116087,30-34,F,31,2466,0,0.0,2,2,True,0.0,,0.0,0.0,,1.0,1
779789,936,116089,45-49,M,10,11611,3,3.950000048,1,1,False,0.0003,1.3167,3.95,3.95,0.3333,1.0,1
779824,936,116095,45-49,M,7,9375,3,4.019999981,1,0,False,0.0003,1.34,4.02,,0.3333,0.0,0
779871,936,116103,30-34,F,32,4402,1,1.330000043,1,1,False,0.0002,1.33,1.33,1.33,1.0,1.0,1
779918,936,116111,30-34,F,18,8469,2,3.089999914,1,0,False,0.0002,1.545,3.09,,0.5,0.0,0
779922,936,116111,30-34,F,18,5823,1,1.419999957,1,1,False,0.0002,1.42,1.42,1.42,1.0,1.0,1
779944,936,116115,35-39,M,10,2549,0,0.0,1,0,True,0.0,,0.0,,,0.0,0
779979,936,116121,35-39,M,16,25817,4,6.019999981,1,0,False,0.0002,1.505,6.02,,0.25,0.0,0
779995,936,116123,30-34,F,20,1961,0,0.0,1,0,True,0.0,,0.0,,,0.0,0
780064,936,116135,30-34,F,22,2554,0,0.0,1,0,True,0.0,,0.0,,,0.0,0
780104,936,116147,30-34,F,25,4971,1,1.230000019,1,1,False,0.0002,1.23,1.23,1.23,1.0,1.0,1
780199,936,116163,35-39,F,23,1030,0,0.0,1,1,True,0.0,,0.0,0.0,,1.0,1
780318,936,116183,45-49,F,29,162341,56,77.07999969,3,0,False,0.0003,1.3764,25.6933,,0.0536,0.0,0
780323,936,116183,45-49,F,29,24542,7,9.329999924,1,0,False,0.0003,1.3329,9.33,,0.1429,0.0,0
780486,936,116216,30-34,F,65,2879,0,0.0,1,1,True,0.0,,0.0,0.0,,1.0,1
780498,936,116218,30-34,F,64,13621,3,4.090000033,1,0,False,0.0002,1.3633,4.09,,0.3333,0.0,0
780511,936,116220,30-34,F,63,6175,1,1.370000005,2,1,False,0.0002,1.37,0.685,1.37,2.0,0.5,1
780629,936,116240,30-34,F,28,2963,0,0.0,1,0,True,0.0,,0.0,,,0.0,0
780653,936,116244,30-34,F,29,9076,1,1.379999995,1,1,False,0.0001,1.38,1.38,1.38,1.0,1.0,1
780655,936,116244,30-34,F,29,20941,4,5.909999967,1,1,False,0.0002,1.4775,5.91,5.91,0.25,1.0,1
780666,936,116246,45-49,F,10,3462,0,0.0,1,0,True,0.0,,0.0,,,0.0,0
780681,936,116248,30-34,F,26,4073,0,0.0,1,1,True,0.0,,0.0,0.0,,1.0,1
780700,936,116252,30-34,F,27,3745,0,0.0,1,0,True,0.0,,0.0,,,0.0,0
780748,936,116265,30-34,F,24,830,0,0.0,1,0,True,0.0,,0.0,,,0.0,0
780759,936,116267,45-49,F,18,2912,0,0.0,1,0,True,0.0,,0.0,,,0.0,0
780760,936,116267,45-49,F,18,17167,5,6.910000086,1,0,False,0.0003,1.382,6.91,,0.2,0.0,0
780797,936,116273,30-34,F,22,24491,7,9.539999962,1,0,False,0.0003,1.3629,9.54,,0.1429,0.0,0
780799,936,116273,30-34,F,22,44699,13,17.30000037,2,0,False,0.0003,1.3308,8.65,,0.1538,0.0,0
780821,936,116277,30-34,F,23,6469,2,1.309999943,1,0,False,0.0003,0.655,1.31,,0.5,0.0,0
780830,936,116279,45-49,F,16,16053,3,4.079999924,1,1,False,0.0002,1.36,4.08,4.08,0.3333,1.0,1
780835,936,116279,45-49,F,16,54724,12,17.92999995,1,1,False,0.0002,1.4942,17.93,17.93,0.0833,1.0,1
780867,936,116285,30-34,F,21,4706,1,1.220000029,1,0,False,0.0002,1.22,1.22,,1.0,0.0,0
780974,936,116303,40-44,F,32,8316,3,4.569999933,1,1,False,0.0004,1.5233,4.57,4.57,0.3333,1.0,1
781066,936,116323,40-44,F,22,5794,2,2.269999981,1,0,False,0.0003,1.135,2.27,,0.5,0.0,0
781114,936,116331,40-44,F,18,4813,1,1.029999971,1,0,False,0.0002,1.03,1.03,,1.0,0.0,0
781159,936,116339,40-44,F,10,85285,26,36.13000035,1,0,False,0.0003,1.3896,36.13,,0.0385,0.0,0
781162,936,116339,40-44,F,10,5839,1,1.370000005,1,0,False,0.0002,1.37,1.37,,1.0,0.0,0
781175,936,116341,40-44,F,15,5859,1,1.539999962,1,0,False,0.0002,1.54,1.54,,1.0,0.0,0
781187,936,116343,40-44,F,16,164118,41,59.06999993,1,0,False,0.0002,1.4407,59.07,,0.0244,0.0,0
781195,936,116345,35-39,F,63,18234,6,7.810000062,1,0,False,0.0003,1.3017,7.81,,0.1667,0.0,0
781207,936,116347,35-39,F,64,2755,0,0.0,1,0,True,0.0,,0.0,,,0.0,0
781303,936,116363,35-39,F,27,73676,20,28.5,1,0,False,0.0003,1.425,28.5,,0.05,0.0,0
781305,936,116363,35-39,F,27,18421,7,10.07999992,1,0,False,0.0004,1.44,10.08,,0.1429,0.0,0
781327,936,116367,35-39,F,29,164754,49,67.97999978,2,1,False,0.0003,1.3873,33.99,67.98,0.0408,0.5,1
781353,936,116371,35-39,F,10,7449,1,1.639999986,1,1,False,0.0001,1.64,1.64,1.64,1.0,1.0,1
781354,936,116371,35-39,F,10,6424,1,0.529999971,1,0,False,0.0002,0.53,0.53,,1.0,0.0,0
781438,936,116385,30-34,M,63,2086,0,0.0,1,0,True,0.0,,0.0,,,0.0,0
781470,936,116391,35-39,M,16,6016,0,0.0,1,0,True,0.0,,0.0,,,0.0,0
781499,936,116395,35-39,M,15,6412,1,1.370000005,1,0,False,0.0002,1.37,1.37,,1.0,0.0,0
781508,936,116397,30-34,F,63,5040,1,1.440000057,1,0,False,0.0002,1.44,1.44,,1.0,0.0,0
781556,936,116405,30-34,F,32,1772,0,0.0,1,0,True,0.0,,0.0,,,0.0,0
781559,936,116405,30-34,F,32,1783,0,0.0,1,0,True,0.0,,0.0,,,0.0,0
781606,936,116413,35-39,M,20,8200,3,3.919999957,1,0,False,0.0004,1.3067,3.92,,0.3333,0.0,0
781690,936,116427,45-49,F,26,115896,38,49.44000006,1,0,False,0.0003,1.3011,49.44,,0.0263,0.0,0
781811,936,116447,35-39,F,16,10186,1,1.230000019,1,1,False,0.0001,1.23,1.23,1.23,1.0,1.0,1
781857,936,116455,30-34,M,20,9134,3,4.180000067,2,0,False,0.0003,1.3933,2.09,,0.6667,0.0,0
781858,936,116455,30-34,M,20,3385,1,1.440000057,1,1,False,0.0003,1.44,1.44,1.44,1.0,1.0,1
781907,936,116463,45-49,F,21,1314,0,0.0,1,0,True,0.0,,0.0,,,0.0,0
781928,936,116467,30-34,M,18,2916,0,0.0,1,1,True,0.0,,0.0,0.0,,1.0,1
781929,936,116467,30-34,M,18,6142,1,1.330000043,1,0,False,0.0002,1.33,1.33,,1.0,0.0,0
781950,936,116471,30-34,F,20,1984,0,0.0,1,0,True,0.0,,0.0,,,0.0,0
781999,936,116479,30-34,M,24,9142,3,3.749999881,1,0,False,0.0003,1.25,3.75,,0.3333,0.0,0
782001,936,116479,30-34,M,24,5475,2,2.730000019,1,1,False,0.0004,1.365,2.73,2.73,0.5,1.0,1
782022,936,116483,30-34,F,18,8254,2,2.320000052,1,1,False,0.0002,1.16,2.32,2.32,0.5,1.0,1
782026,936,116483,30-34,F,18,5704,1,1.320000052,1,0,False,0.0002,1.32,1.32,,1.0,0.0,0
782130,936,116501,30-34,F,16,7301,0,0.0,1,0,True,0.0,,0.0,,,0.0,0
782134,936,116501,30-34,F,16,37873,5,6.169999957,1,1,False,0.0001,1.234,6.17,6.17,0.2,1.0,1
782135,936,116501,30-34,F,16,25267,4,4.940000057,2,1,False,0.0002,1.235,2.47,4.94,0.5,0.5,1
782171,936,116507,30-34,F,30,535,0,0.0,1,0,True,0.0,,0.0,,,0.0,0
782180,936,116509,30-34,M,29,3396,0,0.0,1,0,True,0.0,,0.0,,,0.0,0
782219,936,116515,30-34,M,26,977,0,0.0,1,0,True,0.0,,0.0,,,0.0,0
782228,936,116517,40-44,F,63,12318,5,6.340000153,1,1,False,0.0004,1.268,6.34,6.34,0.2,1.0,1
782242,936,116519,30-34,F,28,4783,1,0.860000014,1,0,False,0.0002,0.86,0.86,,1.0,0.0,0
782275,936,116525,30-34,F,29,6475,1,1.350000024,1,0,False,0.0002,1.35,1.35,,1.0,0.0,0
782337,936,116535,45-49,F,16,104578,29,39.25000095,1,1,False,0.0003,1.3534,39.25,39.25,0.0345,1.0,1
782407,936,116547,45-49,F,10,33664,11,12.51000035,1,0,False,0.0003,1.1373,12.51,,0.0909,0.0,0
782443,936,116553,40-44,F,20,979,0,0.0,1,0,True,0.0,,0.0,,,0.0,0
782541,936,116569,40-44,F,28,7337,3,4.079999924,1,0,False,0.0004,1.36,4.08,,0.3333,0.0,0
782587,936,116577,30-34,M,10,2499,0,0.0,1,0,True,0.0,,0.0,,,0.0,0
782647,936,116587,40-44,F,27,11244,3,4.550000191,1,0,False,0.0003,1.5167,4.55,,0.3333,0.0,0
782658,936,116589,30-34,M,15,4827,0,0.0,1,0,True,0.0,,0.0,,,0.0,0
782694,936,116595,35-39,F,29,29035,7,8.910000086,2,2,False,0.0002,1.2729,4.455,4.455,0.2857,1.0,1
782706,936,116597,35-39,F,30,761,0,0.0,1,0,True,0.0,,0.0,,,0.0,0
782754,936,116605,35-39,F,26,6532,1,1.610000014,1,0,False,0.0002,1.61,1.61,,1.0,0.0,0
782815,936,116615,40-44,F,10,11537,3,4.300000191,1,0,False,0.0003,1.4333,4.3,,0.3333,0.0,0
782816,936,116615,40-44,F,10,12183,3,2.869999945,1,0,False,0.0002,0.9567,2.87,,0.3333,0.0,0
782862,936,116623,35-39,F,64,5912,1,1.559999943,1,1,False,0.0002,1.56,1.56,1.56,1.0,1.0,1
950068,936,123438,30-34,M,10,4012,1,1.570000052,1,0,False,0.0002,1.57,1.57,,1.0,0.0,0
950078,936,123440,30-34,M,16,12396,2,3.210000038,2,1,False,0.0002,1.605,1.605,3.21,1.0,0.5,1
950079,936,123440,30-34,M,16,3142,0,0.0,2,2,True,0.0,,0.0,0.0,,1.0,1
950099,936,123443,30-34,M,18,1120,0,0.0,1,0,True,0.0,,0.0,,,0.0,0
950109,936,123445,30-34,M,20,343,0,0.0,1,1,True,0.0,,0.0,0.0,,1.0,1
950170,936,123455,30-34,M,15,1720,0,0.0,1,1,True,0.0,,0.0,0.0,,1.0,1
950179,936,123457,30-34,M,16,3423,0,0.0,1,1,True,0.0,,0.0,0.0,,1.0,1
950182,936,123457,30-34,M,16,3242,0,0.0,1,0,True,0.0,,0.0,,,0.0,0
950183,936,123457,30-34,M,16,15720,1,1.379999995,1,0,False,0.0001,1.38,1.38,,1.0,0.0,0
950200,936,123460,30-34,M,10,1217,0,0.0,1,1,True,0.0,,0.0,0.0,,1.0,1
950224,936,123464,40-44,M,20,2367,2,2.839999914,1,1,False,0.0008,1.42,2.84,2.84,0.5,1.0,1
950326,936,123481,35-39,M,16,6607,1,1.320000052,2,0,False,0.0002,1.32,0.66,,2.0,0.0,0
950345,936,123484,30-34,M,64,616,0,0.0,1,0,True,0.0,,0.0,,,0.0,0
950452,936,123502,45-49,M,16,5537,1,1.519999981,1,0,False,0.0002,1.52,1.52,,1.0,0.0,0
950463,936,123504,45-49,M,15,818,0,0.0,1,0,True,0.0,,0.0,,,0.0,0
950495,936,123509,45-49,M,21,1909,1,0.980000019,1,0,False,0.0005,0.98,0.98,,1.0,0.0,0
950521,936,123514,30-34,M,21,351,0,0.0,1,0,True,0.0,,0.0,,,0.0,0
950531,936,123515,45-49,M,22,572,0,0.0,1,0,True,0.0,,0.0,,,0.0,0
950537,936,123516,40-44,M,36,1884,1,1.409999967,1,0,False,0.0005,1.41,1.41,,1.0,0.0,0
950550,936,123519,30-34,M,30,219,0,0.0,1,0,True,0.0,,0.0,,,0.0,0
950577,936,123523,30-34,M,32,540,0,0.0,1,1,True,0.0,,0.0,0.0,,1.0,1
950578,936,123523,30-34,M,32,550,0,0.0,1,0,True,0.0,,0.0,,,0.0,0
950595,936,123526,30-34,M,26,465,0,0.0,1,0,True,0.0,,0.0,,,0.0,0
950609,936,123528,30-34,M,29,1761,0,0.0,1,1,True,0.0,,0.0,0.0,,1.0,1
950629,936,123532,30-34,M,65,152,0,0.0,1,1,True,0.0,,0.0,0.0,,1.0,1
950631,936,123532,30-34,M,65,152,0,0.0,1,1,True,0.0,,0.0,0.0,,1.0,1
950649,936,123535,30-34,M,64,429,0,0.0,1,0,True,0.0,,0.0,,,0.0,0
950745,936,123551,30-34,M,29,1514,0,0.0,2,2,True,0.0,,0.0,0.0,,1.0,1
950770,936,123555,30-34,M,28,7780,3,4.329999924,2,2,False,0.0004,1.4433,2.165,2.165,0.6667,1.0,1
950772,936,123556,35-39,M,28,460,0,0.0,1,0,True,0.0,,0.0,,,0.0,0
950773,936,123556,35-39,M,28,471,0,0.0,1,0,True,0.0,,0.0,,,0.0,0
950776,936,123556,35-39,M,28,2633,1,1.070000052,1,0,False,0.0004,1.07,1.07,,1.0,0.0,0
950787,936,123558,30-34,M,27,199,0,0.0,1,0,True,0.0,,0.0,,,0.0,0
950808,936,123562,35-39,M,32,398,0,0.0,1,0,True,0.0,,0.0,,,0.0,0
950839,936,123567,30-34,M,24,246,0,0.0,2,2,True,0.0,,0.0,0.0,,1.0,1
950878,936,123573,40-44,M,10,2967,1,1.5,1,1,False,0.0003,1.5,1.5,1.5,1.0,1.0,1
950969,936,123588,45-49,M,36,255,0,0.0,1,0,True,0.0,,0.0,,,0.0,0
951021,936,123597,30-34,F,7,457,0,0.0,1,1,True,0.0,,0.0,0.0,,1.0,1
951033,936,123599,30-34,F,10,5517,1,1.230000019,1,0,False,0.0002,1.23,1.23,,1.0,0.0,0
951035,936,123599,30-34,F,10,1539,0,0.0,1,1,True,0.0,,0.0,0.0,,1.0,1
951043,936,123601,30-34,F,16,3189,0,0.0,1,0,True,0.0,,0.0,,,0.0,0
951045,936,123601,30-34,F,16,3348,0,0.0,1,0,True,0.0,,0.0,,,0.0,0
951046,936,123601,30-34,F,16,20050,4,4.659999847,4,1,False,0.0002,1.165,1.165,4.66,1.0,0.25,1
951102,936,123611,45-49,M,16,2254,0,0.0,1,0,True,0.0,,0.0,,,0.0,0
951105,936,123611,45-49,M,16,5894,1,1.539999962,1,1,False,0.0002,1.54,1.54,1.54,1.0,1.0,1
951133,936,123616,35-39,M,16,9948,2,2.720000029,2,0,False,0.0002,1.36,1.36,,1.0,0.0,0
951202,936,123627,45-49,F,26,5307,3,4.289999962,2,1,False,0.0006,1.43,2.145,4.29,0.6667,0.5,1
951225,936,123631,35-39,F,22,4621,2,3.25,1,1,False,0.0004,1.625,3.25,3.25,0.5,1.0,1
951270,936,123639,35-39,F,18,784,0,0.0,1,1,True,0.0,,0.0,0.0,,1.0,1
951282,936,123641,35-39,F,16,5775,1,1.580000043,1,1,False,0.0002,1.58,1.58,1.58,1.0,1.0,1
951285,936,123641,35-39,F,16,9297,2,2.619999886,2,1,False,0.0002,1.31,1.31,2.62,1.0,0.5,1
951294,936,123643,35-39,F,15,699,0,0.0,1,0,True,0.0,,0.0,,,0.0,0
951305,936,123644,35-39,F,10,1104,0,0.0,1,0,True,0.0,,0.0,,,0.0,0
951334,936,123649,30-34,F,64,3717,1,1.539999962,1,0,False,0.0003,1.54,1.54,,1.0,0.0,0
951391,936,123659,30-34,F,28,2879,1,1.590000033,2,2,False,0.0003,1.59,0.795,0.795,2.0,1.0,1
951392,936,123659,30-34,F,28,2749,1,1.389999986,1,0,False,0.0004,1.39,1.39,,1.0,0.0,0
951400,936,123660,45-49,F,10,24028,9,12.39000034,2,0,False,0.0004,1.3767,6.195,,0.2222,0.0,0
951402,936,123661,30-34,F,29,1118,0,0.0,1,1,True,0.0,,0.0,0.0,,1.0,1
951413,936,123662,30-34,F,26,1083,0,0.0,2,1,True,0.0,,0.0,0.0,,0.5,1
951420,936,123664,30-34,F,27,843,0,0.0,1,0,True,0.0,,0.0,,,0.0,0
951444,936,123668,30-34,F,25,2983,1,0.970000029,1,0,False,0.0003,0.97,0.97,,1.0,0.0,0
951448,936,123668,30-34,F,25,696,0,0.0,1,0,True,0.0,,0.0,,,0.0,0
951462,936,123671,45-49,F,16,7589,2,3.150000095,1,1,False,0.0003,1.575,3.15,3.15,0.5,1.0,1
951464,936,123671,45-49,F,16,20997,10,11.94999981,1,0,False,0.0005,1.195,11.95,,0.1,0.0,0
951465,936,123671,45-49,F,16,4617,1,1.360000014,1,0,False,0.0002,1.36,1.36,,1.0,0.0,0
951498,936,123677,45-49,F,20,259,0,0.0,1,0,True,0.0,,0.0,,,0.0,0
951508,936,123678,30-34,F,18,1134,0,0.0,1,0,True,0.0,,0.0,,,0.0,0
951542,936,123684,40-44,F,27,357,0,0.0,1,0,True,0.0,,0.0,,,0.0,0
951607,936,123695,40-44,F,10,848,0,0.0,1,1,True,0.0,,0.0,0.0,,1.0,1
951608,936,123695,40-44,F,10,3149,1,1.480000019,1,0,False,0.0003,1.48,1.48,,1.0,0.0,0
951641,936,123700,40-44,F,2,87,0,0.0,1,1,True,0.0,,0.0,0.0,,1.0,1
951677,936,123706,35-39,F,27,2563,1,1.480000019,1,0,False,0.0004,1.48,1.48,,1.0,0.0,0
951692,936,123709,35-39,F,10,1107,0,0.0,1,0,True,0.0,,0.0,,,0.0,0
951715,936,123713,45-49,F,64,10677,5,7.269999981,1,0,False,0.0005,1.454,7.27,,0.2,0.0,0
951756,936,123720,35-39,F,22,2189,1,0.409999996,1,0,False,0.0005,0.41,0.41,,1.0,0.0,0
951779,936,123723,45-49,F,27,3277,2,2.680000067,1,0,False,0.0006,1.34,2.68,,0.5,0.0,0
951782,936,123724,45-49,F,26,781,0,0.0,1,0,True,0.0,,0.0,,,0.0,0
951810,936,123729,35-39,F,16,2226,0,0.0,1,0,True,0.0,,0.0,,,0.0,0
951812,936,123729,35-39,F,16,16274,4,6.079999924,2,0,False,0.0002,1.52,3.04,,0.5,0.0,0
951837,936,123733,45-49,F,20,2077,1,1.50999999,1,1,False,0.0005,1.51,1.51,1.51,1.0,1.0,1
951853,936,123736,30-34,F,20,529,0,0.0,0,0,True,0.0,,,,,,0
951854,936,123736,30-34,F,20,487,0,0.0,1,0,True,0.0,,0.0,,,0.0,0
951856,936,123736,30-34,F,20,4626,2,2.099999905,2,0,False,0.0004,1.05,1.05,,1.0,0.0,0
951941,936,123750,30-34,F,28,2764,1,1.559999943,1,1,False,0.0004,1.56,1.56,1.56,1.0,1.0,1
952001,936,123760,45-49,F,10,5447,2,2.960000038,1,0,False,0.0004,1.48,2.96,,0.5,0.0,0
952031,936,123765,40-44,F,16,28169,8,12.36999989,1,1,False,0.0003,1.5462,12.37,12.37,0.125,1.0,1
952080,936,123774,40-44,F,27,415,0,0.0,1,0,True,0.0,,0.0,,,0.0,0
952100,936,123777,35-39,F,29,810,0,0.0,1,1,True,0.0,,0.0,0.0,,1.0,1
1121091,1178,144531,30-34,M,10,1194718,141,254.049996,28,14,False,0.0001,1.8018,9.0732,18.1464,0.1986,0.5,1
1121092,1178,144531,30-34,M,10,637648,67,122.4,13,5,False,0.0001,1.8269,9.4154,24.48,0.194,0.3846,1
1121094,1178,144531,30-34,M,10,24362,0,0.0,1,1,True,0.0,,0.0,0.0,,1.0,1
1121095,1178,144531,30-34,M,10,459690,50,86.33000112,5,2,False,0.0001,1.7266,17.266,43.165,0.1,0.4,1
1121096,1178,144531,30-34,M,10,750060,86,161.9099991,11,2,False,0.0001,1.8827,14.7191,80.955,0.1279,0.1818,1
1121097,1178,144532,30-34,M,15,30068,1,1.820000052,1,0,False,0.0,1.82,1.82,,1.0,0.0,0
1121098,1178,144532,30-34,M,15,1267550,123,236.7699986,24,10,False,0.0001,1.925,9.8654,23.677,0.1951,0.4167,1
1121100,1178,144532,30-34,M,15,3052003,340,639.9499981,60,17,False,0.0001,1.8822,10.6658,37.6441,0.1765,0.2833,1
1121101,1178,144532,30-34,M,15,29945,1,1.590000033,2,1,False,0.0,1.59,0.795,1.59,2.0,0.5,1
1121102,1178,144532,30-34,M,15,357856,30,52.97000015,7,3,False,0.0001,1.7657,7.5671,17.6567,0.2333,0.4286,1
1121104,1178,144533,30-34,M,16,2080666,202,360.1500015,40,21,False,0.0001,1.7829,9.0038,17.15,0.198,0.525,1
1121105,1178,144533,30-34,M,16,145999,9,16.5200001,5,2,False,0.0001,1.8356,3.304,8.26,0.5556,0.4,1
1121107,1178,144533,30-34,M,16,32616,1,1.539999962,2,0,False,0.0,1.54,0.77,,2.0,0.0,0
1121108,1178,144533,30-34,M,16,984521,95,163.8999972,26,14,False,0.0001,1.7253,6.3038,11.7071,0.2737,0.5385,1
1121110,1178,144534,30-34,M,18,880814,123,210.3600006,6,2,False,0.0001,1.7102,35.06,105.18,0.0488,0.3333,1
1121111,1178,144534,30-34,M,18,182452,20,35.73000026,4,1,False,0.0001,1.7865,8.9325,35.73,0.2,0.25,1
1121113,1178,144534,30-34,M,18,894911,120,215.8399994,7,4,False,0.0001,1.7987,30.8343,53.96,0.0583,0.5714,1
1121114,1178,144534,30-34,M,18,31349,2,3.800000072,1,0,False,0.0001,1.9,3.8,,0.5,0.0,0
1121115,1178,144535,30-34,M,19,410310,55,96.80000055,3,0,False,0.0001,1.76,32.2667,,0.0545,0.0,0
1121116,1178,144535,30-34,M,19,572450,89,157.329998,7,4,False,0.0002,1.7678,22.4757,39.3325,0.0787,0.5714,1
1121117,1178,144535,30-34,M,19,98759,15,26.56999946,1,1,False,0.0002,1.7713,26.57,26.57,0.0667,1.0,1
1121119,1178,144535,30-34,M,19,345371,54,93.08999991,7,3,False,0.0002,1.7239,13.2986,31.03,0.1296,0.4286,1
1121121,1178,144536,30-34,M,20,323899,46,78.9200002,5,1,False,0.0001,1.7157,15.784,78.92,0.1087,0.2,1
1121122,1178,144536,30-34,M,20,399199,58,103.1500002,3,0,False,0.0001,1.7784,34.3833,,0.0517,0.0,0
1121123,1178,144536,30-34,M,20,171202,22,36.53000021,3,1,False,0.0001,1.6605,12.1767,36.53,0.1364,0.3333,1
1121124,1178,144536,30-34,M,20,128386,15,28.85000002,2,1,False,0.0001,1.9233,14.425,28.85,0.1333,0.5,1
1121125,1178,144536,30-34,M,20,1034284,152,257.7099986,20,9,False,0.0001,1.6955,12.8855,28.6344,0.1316,0.45,1
1121126,1178,144536,30-34,M,20,45923,5,7.220000148,2,0,False,0.0001,1.444,3.61,,0.4,0.0,0
1121127,1178,144537,30-34,M,21,40873,4,7.899999976,2,1,False,0.0001,1.975,3.95,7.9,0.5,0.5,1
1121128,1178,144537,30-34,M,21,286553,34,62.06000042,2,1,False,0.0001,1.8253,31.03,62.06,0.0588,0.5,1
1121129,1178,144537,30-34,M,21,20618,1,2.099999905,2,1,False,0.0,2.1,1.05,2.1,2.0,0.5,1
1121131,1178,144537,30-34,M,21,83591,7,14.14000046,2,2,False,0.0001,2.02,7.07,7.07,0.2857,1.0,1
1121132,1178,144537,30-34,M,21,114923,12,23.73000026,4,2,False,0.0001,1.9775,5.9325,11.865,0.3333,0.5,1
1121133,1178,144538,30-34,M,22,25002,1,1.710000038,1,0,False,0.0,1.71,1.71,,1.0,0.0,0
1121134,1178,144538,30-34,M,22,68905,5,9.440000057,1,0,False,0.0001,1.888,9.44,,0.2,0.0,0
1121136,1178,144538,30-34,M,22,169588,16,27.79999924,1,0,False,0.0001,1.7375,27.8,,0.0625,0.0,0
1121138,1178,144538,30-34,M,22,328991,35,67.65000057,5,2,False,0.0001,1.9329,13.53,33.825,0.1429,0.4,1
1121141,1178,144539,30-34,M,23,23198,2,2.980000019,1,0,False,0.0001,1.49,2.98,,0.5,0.0,0
1121142,1178,144539,30-34,M,23,26890,2,3.24000001,1,0,False,0.0001,1.62,3.24,,0.5,0.0,0
1121143,1178,144539,30-34,M,23,221695,31,52.26000011,5,2,False,0.0001,1.6858,10.452,26.13,0.1613,0.4,1
1121152,1178,144541,30-34,M,24,88443,7,13.0400002,1,1,False,0.0001,1.8629,13.04,13.04,0.1429,1.0,1
1121153,1178,144541,30-34,M,24,187856,23,38.38999975,5,1,False,0.0001,1.6691,7.678,38.39,0.2174,0.2,1
1121164,1178,144545,30-34,M,25,570699,80,138.7699997,9,2,False,0.0001,1.7346,15.4189,69.385,0.1125,0.2222,1
1121167,1178,144545,30-34,M,25,1063508,145,260.3800013,23,7,False,0.0001,1.7957,11.3209,37.1971,0.1586,0.3043,1
1121168,1178,144545,30-34,M,25,50523,6,8.549999952,1,0,False,0.0001,1.425,8.55,,0.1667,0.0,0
1121172,1178,144547,30-34,M,26,87935,9,15.63000023,1,0,False,0.0001,1.7367,15.63,,0.1111,0.0,0
1121173,1178,144547,30-34,M,26,278225,33,60.19999957,3,0,False,0.0001,1.8242,20.0667,,0.0909,0.0,0
1121175,1178,144547,30-34,M,26,209461,20,34.19000006,1,0,False,0.0001,1.7095,34.19,,0.05,0.0,0
1121177,1178,144547,30-34,M,26,26316,2,3.24000001,3,0,False,0.0001,1.62,1.08,,1.5,0.0,0
1121181,1178,144549,30-34,M,27,41030,3,5.140000105,2,1,False,0.0001,1.7133,2.57,5.14,0.6667,0.5,1
1121182,1178,144549,30-34,M,27,876671,120,216.5599982,22,4,False,0.0001,1.8047,9.8436,54.14,0.1833,0.1818,1
1121183,1178,144549,30-34,M,27,399392,53,93.07000041,5,0,False,0.0001,1.756,18.614,,0.0943,0.0,0
1121184,1178,144549,30-34,M,27,283858,30,56.05999923,1,0,False,0.0001,1.8687,56.06,,0.0333,0.0,0
1121185,1178,144549,30-34,M,27,260699,31,54.09999871,5,2,False,0.0001,1.7452,10.82,27.05,0.1613,0.4,1
1121193,1178,144552,30-34,M,28,57781,5,7.800000072,2,1,False,0.0001,1.56,3.9,7.8,0.4,0.5,1
1121195,1178,144552,30-34,M,28,38757,3,5.220000029,1,0,False,0.0001,1.74,5.22,,0.3333,0.0,0
1121196,1178,144552,30-34,M,28,1392288,206,358.5500029,31,7,False,0.0001,1.7405,11.5661,51.2214,0.1505,0.2258,1
1121197,1178,144552,30-34,M,28,1109387,159,280.9899995,13,2,False,0.0001,1.7672,21.6146,140.495,0.0818,0.1538,1
1121202,1178,144554,30-34,M,29,581281,65,115.1200008,10,5,False,0.0001,1.7711,11.512,23.024,0.1538,0.5,1
1121203,1178,144554,30-34,M,29,1048861,128,219.770002,22,8,False,0.0001,1.717,9.9895,27.4713,0.1719,0.3636,1
1121205,1178,144554,30-34,M,29,297452,30,52.01999986,4,1,False,0.0001,1.734,13.005,52.02,0.1333,0.25,1
1121206,1178,144554,30-34,M,29,227925,22,35.30999994,22,12,False,0.0001,1.605,1.605,2.9425,1.0,0.5455,1
1121207,1178,144554,30-34,M,29,374175,38,63.32000101,8,3,False,0.0001,1.6663,7.915,21.1067,0.2105,0.375,1
1121211,1178,144556,30-34,M,30,223586,32,54.24000037,1,0,False,0.0001,1.695,54.24,,0.0312,0.0,0
1121213,1178,144556,30-34,M,30,283170,39,65.22999996,2,1,False,0.0001,1.6726,32.615,65.23,0.0513,0.5,1
1121215,1178,144556,30-34,M,30,41636,3,4.210000038,1,0,False,0.0001,1.4033,4.21,,0.3333,0.0,0
1121216,1178,144556,30-34,M,30,198658,30,48.60999978,8,1,False,0.0002,1.6203,6.0762,48.61,0.2667,0.125,1
1121220,1178,144558,30-34,M,31,100596,10,13.91999972,4,2,False,0.0001,1.392,3.48,6.96,0.4,0.5,1
1121223,1178,144558,30-34,M,31,64020,5,11.0599997,1,0,False,0.0001,2.212,11.06,,0.2,0.0,0
1121224,1178,144558,30-34,M,31,14289,0,0.0,1,0,True,0.0,,0.0,,,0.0,0
1121229,1178,144561,30-34,M,32,404866,43,87.42000079,4,0,False,0.0001,2.033,21.855,,0.093,0.0,0
1121231,1178,144561,30-34,M,32,22256,1,1.659999967,1,1,False,0.0,1.66,1.66,1.66,1.0,1.0,1
1121233,1178,144561,30-34,M,32,57690,4,6.74000001,1,0,False,0.0001,1.685,6.74,,0.25,0.0,0
1121241,1178,144562,30-34,M,36,24952,5,8.220000267,3,2,False,0.0002,1.644,2.74,4.11,0.6,0.6667,1
1121242,1178,144562,30-34,M,36,38900,3,5.580000043,1,0,False,0.0001,1.86,5.58,,0.3333,0.0,0
1121243,1178,144562,30-34,M,36,53520,6,9.2299999,1,1,False,0.0001,1.5383,9.23,9.23,0.1667,1.0,1
1121244,1178,144562,30-34,M,36,181683,20,34.22999972,2,1,False,0.0001,1.7115,17.115,34.23,0.1,0.5,1
1121245,1178,144562,30-34,M,36,29185,2,3.149999976,1,0,False,0.0001,1.575,3.15,,0.5,0.0,0
1121246,1178,144562,30-34,M,36,105047,13,20.2099994,3,1,False,0.0001,1.5546,6.7367,20.21,0.2308,0.3333,1
1121250,1178,144565,30-34,M,63,287976,31,59.43999982,3,2,False,0.0001,1.9174,19.8133,29.72,0.0968,0.6667,1
1121251,1178,144565,30-34,M,63,212175,22,38.58999968,2,1,False,0.0001,1.7541,19.295,38.59,0.0909,0.5,1
1121252,1178,144565,30-34,M,63,11139,0,0.0,1,1,True,0.0,,0.0,0.0,,1.0,1
1121254,1178,144565,30-34,M,63,124005,11,21.84999979,4,1,False,0.0001,1.9864,5.4625,21.85,0.3636,0.25,1
1121255,1178,144565,30-34,M,63,20423,1,1.960000038,1,0,False,0.0,1.96,1.96,,1.0,0.0,0
1121261,1178,144567,30-34,M,64,103001,14,22.32000005,1,0,False,0.0001,1.5943,22.32,,0.0714,0.0,0
1121262,1178,144567,30-34,M,64,447420,66,110.2399991,7,2,False,0.0001,1.6703,15.7486,55.12,0.1061,0.2857,1
1121263,1178,144567,30-34,M,64,156101,19,29.75000048,2,2,False,0.0001,1.5658,14.875,14.875,0.1053,1.0,1
1121264,1178,144567,30-34,M,64,93015,12,18.47000015,1,0,False,0.0001,1.5392,18.47,,0.0833,0.0,0
1121265,1178,144568,30-34,M,65,145398,23,36.24000025,1,0,False,0.0002,1.5757,36.24,,0.0435,0.0,0
1121269,1178,144568,30-34,M,65,296413,50,76.43999958,3,1,False,0.0002,1.5288,25.48,76.44,0.06,0.3333,1
1121273,1178,144569,30-34,M,2,9370,0,0.0,1,1,True,0.0,,0.0,0.0,,1.0,1
1121274,1178,144569,30-34,M,2,63785,7,11.80000019,6,2,False,0.0001,1.6857,1.9667,5.9,0.8571,0.3333,1
1121275,1178,144569,30-34,M,2,118522,14,26.81999981,2,1,False,0.0001,1.9157,13.41,26.82,0.1429,0.5,1
1121276,1178,144569,30-34,M,2,240123,38,65.67000115,5,4,False,0.0002,1.7282,13.134,16.4175,0.1316,0.8,1
1121277,1178,144570,30-34,M,7,169108,20,32.24000025,2,1,False,0.0001,1.612,16.12,32.24,0.1,0.5,1
1121278,1178,144570,30-34,M,7,1044442,142,245.5999999,22,8,False,0.0001,1.7296,11.1636,30.7,0.1549,0.3636,1
1121279,1178,144570,30-34,M,7,93891,11,17.6400001,5,3,False,0.0001,1.6036,3.528,5.88,0.4545,0.6,1
1121282,1178,144570,30-34,M,7,185823,25,38.54999936,4,1,False,0.0001,1.542,9.6375,38.55,0.16,0.25,1
1121284,1178,144571,30-34,M,66,175631,23,40.75999951,1,0,False,0.0001,1.7722,40.76,,0.0435,0.0,0
1121285,1178,144571,30-34,M,66,37187,4,6.370000005,1,0,False,0.0001,1.5925,6.37,,0.25,0.0,0
1121286,1178,144571,30-34,M,66,10991,0,0.0,1,0,True,0.0,,0.0,,,0.0,0
1121287,1178,144571,30-34,M,66,344618,51,89.76000047,3,1,False,0.0001,1.76,29.92,89.76,0.0588,0.3333,1
1121289,1178,144572,35-39,M,10,98066,9,16.1500001,1,0,False,0.0001,1.7944,16.15,,0.1111,0.0,0
1121290,1178,144572,35-39,M,10,770749,100,189.1299984,13,3,False,0.0001,1.8913,14.5485,63.0433,0.13,0.2308,1
1121291,1178,144572,35-39,M,10,52553,5,8.529999852,1,0,False,0.0001,1.706,8.53,,0.2,0.0,0
1121292,1178,144572,35-39,M,10,362296,39,67.77000129,7,3,False,0.0001,1.7377,9.6814,22.59,0.1795,0.4286,1
1121293,1178,144572,35-39,M,10,427729,50,96.8999989,4,1,False,0.0001,1.938,24.225,96.9,0.08,0.25,1
1121296,1178,144573,35-39,M,15,180351,21,37.13000011,1,1,False,0.0001,1.7681,37.13,37.13,0.0476,1.0,1
1121297,1178,144573,35-39,M,15,187329,29,53.15999961,2,1,False,0.0002,1.8331,26.58,53.16,0.069,0.5,1
1121300,1178,144573,35-39,M,15,782894,118,192.9299995,5,2,False,0.0002,1.635,38.586,96.465,0.0424,0.4,1
1121302,1178,144574,35-39,M,16,1206533,128,236.1199988,17,6,False,0.0001,1.8447,13.8894,39.3533,0.1328,0.3529,1
1121303,1178,144574,35-39,M,16,84494,7,12.57000017,2,0,False,0.0001,1.7957,6.285,,0.2857,0.0,0
1121304,1178,144574,35-39,M,16,94257,7,12.5800004,1,1,False,0.0001,1.7971,12.58,12.58,0.1429,1.0,1
1121309,1178,144575,35-39,M,18,131060,16,28.04999959,2,1,False,0.0001,1.7531,14.025,28.05,0.125,0.5,1
1121310,1178,144575,35-39,M,18,341603,50,83.48000121,4,2,False,0.0001,1.6696,20.87,41.74,0.08,0.5,1
1121311,1178,144575,35-39,M,18,140749,19,30.4799999,1,1,False,0.0001,1.6042,30.48,30.48,0.0526,1.0,1
1121312,1178,144575,35-39,M,18,102525,13,20.29999983,2,1,False,0.0001,1.5615,10.15,20.3,0.1538,0.5,1
1121316,1178,144576,35-39,M,19,447952,68,131.5799983,8,1,False,0.0002,1.935,16.4475,131.58,0.1176,0.125,1
1121317,1178,144576,35-39,M,19,76355,9,14.62999988,2,0,False,0.0001,1.6256,7.315,,0.2222,0.0,0
1121319,1178,144577,35-39,M,20,256598,38,64.46999931,6,1,False,0.0001,1.6966,10.745,64.47,0.1579,0.1667,1
1121321,1178,144577,35-39,M,20,127476,21,30.15000057,3,2,False,0.0002,1.4357,10.05,15.075,0.1429,0.6667,1
1121322,1178,144577,35-39,M,20,237603,37,62.25000024,5,2,False,0.0002,1.6824,12.45,31.125,0.1351,0.4,1
1121327,1178,144578,35-39,M,21,271091,42,78.03999984,3,1,False,0.0002,1.8581,26.0133,78.04,0.0714,0.3333,1
1121330,1178,144578,35-39,M,21,21743,2,3.400000095,1,0,False,0.0001,1.7,3.4,,0.5,0.0,0
1121333,1178,144579,35-39,M,22,88970,10,14.8300004,2,0,False,0.0001,1.483,7.415,,0.2,0.0,0
1121334,1178,144579,35-39,M,22,108362,13,22.42999983,1,1,False,0.0001,1.7254,22.43,22.43,0.0769,1.0,1
1121335,1178,144579,35-39,M,22,188596,27,44.14000034,3,0,False,0.0001,1.6348,14.7133,,0.1111,0.0,0
1121336,1178,144579,35-39,M,22,275080,43,69.65999997,4,3,False,0.0002,1.62,17.415,23.22,0.093,0.75,1
1121337,1178,144580,35-39,M,23,64647,10,16.26999998,1,0,False,0.0002,1.627,16.27,,0.1,0.0,0
1121338,1178,144580,35-39,M,23,31265,4,5.789999902,1,0,False,0.0001,1.4475,5.79,,0.25,0.0,0
1121340,1178,144580,35-39,M,23,140147,24,42.08000016,2,0,False,0.0002,1.7533,21.04,,0.0833,0.0,0
1121341,1178,144580,35-39,M,23,223120,40,67.66999984,1,0,False,0.0002,1.6917,67.67,,0.025,0.0,0
1121342,1178,144580,35-39,M,23,104869,18,34.07000089,1,0,False,0.0002,1.8928,34.07,,0.0556,0.0,0
1121344,1178,144581,35-39,M,24,165177,23,41.71999967,4,1,False,0.0001,1.8139,10.43,41.72,0.1739,0.25,1
1121345,1178,144581,35-39,M,24,84194,11,19.56999981,1,0,False,0.0001,1.7791,19.57,,0.0909,0.0,0
1121347,1178,144581,35-39,M,24,220581,31,57.37,1,1,False,0.0001,1.8506,57.37,57.37,0.0323,1.0,1
1121350,1178,144582,35-39,M,25,75804,10,17.36999965,2,1,False,0.0001,1.737,8.685,17.37,0.2,0.5,1
1121352,1178,144582,35-39,M,25,368986,59,100.289999,0,0,False,0.0002,1.6998,,,0.0,,0
1121353,1178,144582,35-39,M,25,28194,3,3.709999919,2,0,False,0.0001,1.2367,1.855,,0.6667,0.0,0
1121355,1178,144583,35-39,M,26,99961,14,23.2099998,1,0,False,0.0001,1.6579,23.21,,0.0714,0.0,0
1121359,1178,144583,35-39,M,26,7573,0,0.0,1,0,True,0.0,,0.0,,,0.0,0
1121361,1178,144584,35-39,M,27,685781,103,177.8899992,10,1,False,0.0002,1.7271,17.789,177.89,0.0971,0.1,1
1121364,1178,144584,35-39,M,27,274222,43,66.7700001,2,1,False,0.0002,1.5528,33.385,66.77,0.0465,0.5,1
1121365,1178,144584,35-39,M,27,110503,25,32.67999995,4,0,False,0.0002,1.3072,8.17,,0.16,0.0,0
1121367,1178,144585,35-39,M,28,1447755,233,420.5799983,11,8,False,0.0002,1.8051,38.2345,52.5725,0.0472,0.7273,1
1121368,1178,144585,35-39,M,28,358987,52,87.55000067,1,0,False,0.0001,1.6837,87.55,,0.0192,0.0,0
1121369,1178,144585,35-39,M,28,826205,125,232.3700008,5,1,False,0.0002,1.859,46.474,232.37,0.04,0.2,1
1121370,1178,144585,35-39,M,28,550954,84,150.1400012,3,0,False,0.0002,1.7874,50.0467,,0.0357,0.0,0
1121372,1178,144585,35-39,M,28,378350,55,96.48000073,4,0,False,0.0001,1.7542,24.12,,0.0727,0.0,0
1121373,1178,144586,35-39,M,29,492784,56,95.5100013,7,4,False,0.0001,1.7055,13.6443,23.8775,0.125,0.5714,1
1121374,1178,144586,35-39,M,29,327158,43,72.3100003,6,2,False,0.0001,1.6816,12.0517,36.155,0.1395,0.3333,1
1121375,1178,144586,35-39,M,29,9921,0,0.0,1,0,True,0.0,,0.0,,,0.0,0
1121377,1178,144586,35-39,M,29,59390,5,9.209999919,5,3,False,0.0001,1.842,1.842,3.07,1.0,0.6,1
1121378,1178,144586,35-39,M,29,1040330,147,254.2500038,13,2,False,0.0001,1.7296,19.5577,127.125,0.0884,0.1538,1
1121379,1178,144587,35-39,M,30,49422,6,11.17000031,1,0,False,0.0001,1.8617,11.17,,0.1667,0.0,0
1121380,1178,144587,35-39,M,30,131091,18,34.23000026,3,1,False,0.0001,1.9017,11.41,34.23,0.1667,0.3333,1
1121381,1178,144587,35-39,M,30,95691,15,25.26000011,1,1,False,0.0002,1.684,25.26,25.26,0.0667,1.0,1
1121390,1178,144588,35-39,M,31,15513,1,1.289999962,1,0,False,0.0001,1.29,1.29,,1.0,0.0,0
1121391,1178,144589,35-39,M,32,382537,63,113.9900012,4,3,False,0.0002,1.8094,28.4975,37.9967,0.0635,0.75,1
1121394,1178,144589,35-39,M,32,461356,64,121.0999982,6,3,False,0.0001,1.8922,20.1833,40.3667,0.0938,0.5,1
1121395,1178,144589,35-39,M,32,392541,53,98.70000017,3,2,False,0.0001,1.8623,32.9,49.35,0.0566,0.6667,1
1121398,1178,144590,35-39,M,36,35088,5,8.800000072,1,1,False,0.0001,1.76,8.8,8.8,0.2,1.0,1
1121400,1178,144590,35-39,M,36,53933,6,9.929999948,3,1,False,0.0001,1.655,3.31,9.93,0.5,0.3333,1
1121403,1178,144591,35-39,M,63,228861,33,53.38999939,4,2,False,0.0001,1.6179,13.3475,26.695,0.1212,0.5,1
1121405,1178,144591,35-39,M,63,20959,2,3.769999981,1,1,False,0.0001,1.885,3.77,3.77,0.5,1.0,1
1121410,1178,144592,35-39,M,64,24992,2,3.190000057,1,0,False,0.0001,1.595,3.19,,0.5,0.0,0
1121411,1178,144592,35-39,M,64,100351,15,24.17999995,2,1,False,0.0001,1.612,12.09,24.18,0.1333,0.5,1
1121412,1178,144592,35-39,M,64,292448,43,76.89999968,2,1,False,0.0001,1.7884,38.45,76.9,0.0465,0.5,1
1121413,1178,144592,35-39,M,64,65060,7,14.5200001,1,1,False,0.0001,2.0743,14.52,14.52,0.1429,1.0,1
1121414,1178,144592,35-39,M,64,133316,21,36.17000055,2,0,False,0.0002,1.7224,18.085,,0.0952,0.0,0
1121415,1178,144593,35-39,M,65,113501,26,38.44000077,5,4,False,0.0002,1.4785,7.688,9.61,0.1923,0.8,1
1121418,1178,144593,35-39,M,65,192810,41,61.92999995,4,3,False,0.0002,1.5105,15.4825,20.6433,0.0976,0.75,1
1121421,1178,144594,35-39,M,2,233404,43,70.4100008,2,1,False,0.0002,1.6374,35.205,70.41,0.0465,0.5,1
1121422,1178,144594,35-39,M,2,128843,24,37.5999999,2,0,False,0.0002,1.5667,18.8,,0.0833,0.0,0
1121423,1178,144594,35-39,M,2,63564,12,20.59000027,2,0,False,0.0002,1.7158,10.295,,0.1667,0.0,0
1121425,1178,144594,35-39,M,2,85970,14,24.78000021,1,1,False,0.0002,1.77,24.78,24.78,0.0714,1.0,1
1121428,1178,144595,35-39,M,7,131232,16,29.53999937,1,1,False,0.0001,1.8462,29.54,29.54,0.0625,1.0,1
1121429,1178,144595,35-39,M,7,152454,22,37.84999979,1,1,False,0.0001,1.7205,37.85,37.85,0.0455,1.0,1
1121430,1178,144595,35-39,M,7,28989,2,2.290000021,1,0,False,0.0001,1.145,2.29,,0.5,0.0,0
1121433,1178,144596,35-39,M,66,80248,15,24.1900003,1,1,False,0.0002,1.6127,24.19,24.19,0.0667,1.0,1
1121437,1178,144596,35-39,M,66,38580,5,8.519999981,1,0,False,0.0001,1.704,8.52,,0.2,0.0,0
1121439,1178,144597,40-44,M,10,621591,91,163.36,5,1,False,0.0001,1.7952,32.672,163.36,0.0549,0.2,1
1121440,1178,144597,40-44,M,10,250499,36,58.14000005,3,1,False,0.0001,1.615,19.38,58.14,0.0833,0.3333,1
1121442,1178,144597,40-44,M,10,131637,18,29.30999982,2,1,False,0.0001,1.6283,14.655,29.31,0.1111,0.5,1
1121443,1178,144597,40-44,M,10,463813,69,116.3399996,4,2,False,0.0001,1.6861,29.085,58.17,0.058,0.5,1
1121444,1178,144597,40-44,M,10,211767,35,60.89999914,5,1,False,0.0002,1.74,12.18,60.9,0.1429,0.2,1
1121446,1178,144598,40-44,M,15,163181,26,40.02000093,1,1,False,0.0002,1.5392,40.02,40.02,0.0385,1.0,1
1121451,1178,144599,40-44,M,16,1117385,147,260.0699984,11,2,False,0.0001,1.7692,23.6427,130.035,0.0748,0.1818,1
1121452,1178,144599,40-44,M,16,1663441,205,359.4700001,17,6,False,0.0001,1.7535,21.1453,59.9117,0.0829,0.3529,1
1121453,1178,144599,40-44,M,16,455248,54,105.7099996,5,2,False,0.0001,1.9576,21.142,52.855,0.0926,0.4,1
1121454,1178,144599,40-44,M,16,75589,6,10.66000009,1,1,False,0.0001,1.7767,10.66,10.66,0.1667,1.0,1
1121455,1178,144599,40-44,M,16,594267,82,143.3000009,3,2,False,0.0001,1.7476,47.7667,71.65,0.0366,0.6667,1
1121456,1178,144599,40-44,M,16,315281,35,65.02999854,1,0,False,0.0001,1.858,65.03,,0.0286,0.0,0
1121464,1178,144601,40-44,M,19,363456,71,117.5599997,7,1,False,0.0002,1.6558,16.7943,117.56,0.0986,0.1429,1
1121466,1178,144601,40-44,M,19,438983,81,143.4300001,3,1,False,0.0002,1.7707,47.81,143.43,0.037,0.3333,1
1121467,1178,144601,40-44,M,19,42563,5,9.659999847,1,1,False,0.0001,1.932,9.66,9.66,0.2,1.0,1
1121469,1178,144602,40-44,M,20,399035,75,124.7999995,7,3,False,0.0002,1.664,17.8286,41.6,0.0933,0.4286,1
1121471,1178,144602,40-44,M,20,304680,59,98.55000019,3,0,False,0.0002,1.6703,32.85,,0.0508,0.0,0
1121472,1178,144602,40-44,M,20,140596,23,40.77000022,1,0,False,0.0002,1.7726,40.77,,0.0435,0.0,0
1121473,1178,144602,40-44,M,20,439986,80,134.8799999,4,3,False,0.0002,1.686,33.72,44.96,0.05,0.75,1
1121474,1178,144602,40-44,M,20,75803,11,19.3599999,2,2,False,0.0001,1.76,9.68,9.68,0.1818,1.0,1
1121477,1178,144603,40-44,M,21,7073,0,0.0,1,0,True,0.0,,0.0,,,0.0,0
1121481,1178,144604,40-44,M,22,153586,28,43.01000035,2,0,False,0.0002,1.5361,21.505,,0.0714,0.0,0
1121482,1178,144604,40-44,M,22,180815,31,42.62999976,1,0,False,0.0002,1.3752,42.63,,0.0323,0.0,0
1121483,1178,144604,40-44,M,22,253169,51,75.78999984,1,0,False,0.0002,1.4861,75.79,,0.0196,0.0,0
1121484,1178,144604,40-44,M,22,34453,5,7.710000038,1,1,False,0.0001,1.542,7.71,7.71,0.2,1.0,1
1121487,1178,144605,40-44,M,23,51550,8,14.03999984,1,0,False,0.0002,1.755,14.04,,0.125,0.0,0
1121489,1178,144605,40-44,M,23,110018,24,39.85999966,1,0,False,0.0002,1.6608,39.86,,0.0417,0.0,0
1121493,1178,144606,40-44,M,24,137584,21,36.77999961,1,0,False,0.0002,1.7514,36.78,,0.0476,0.0,0
1121497,1178,144606,40-44,M,24,209825,30,54.86999953,1,0,False,0.0001,1.829,54.87,,0.0333,0.0,0
1121499,1178,144607,40-44,M,25,264222,63,87.7899996,1,1,False,0.0002,1.3935,87.79,87.79,0.0159,1.0,1
1121510,1178,144608,40-44,M,26,31202,5,6.730000019,1,0,False,0.0002,1.346,6.73,,0.2,0.0,0
1121511,1178,144609,40-44,M,27,252991,49,76.83999932,3,0,False,0.0002,1.5682,25.6133,,0.0612,0.0,0
1121514,1178,144609,40-44,M,27,56265,9,15.53999972,1,0,False,0.0002,1.7267,15.54,,0.1111,0.0,0
1121523,1178,144611,40-44,M,29,76923,11,17.67000008,2,2,False,0.0001,1.6064,8.835,8.835,0.1818,1.0,1
1121524,1178,144611,40-44,M,29,209332,30,49.60000014,3,1,False,0.0001,1.6533,16.5333,49.6,0.1,0.3333,1
1121525,1178,144611,40-44,M,29,214094,31,53.26999903,1,0,False,0.0001,1.7184,53.27,,0.0323,0.0,0
1121526,1178,144611,40-44,M,29,526209,85,126.9299996,3,2,False,0.0002,1.4933,42.31,63.465,0.0353,0.6667,1
1121527,1178,144611,40-44,M,29,741143,120,179.620001,4,1,False,0.0002,1.4968,44.905,179.62,0.0333,0.25,1
1121528,1178,144611,40-44,M,29,172827,25,38.42000043,2,0,False,0.0001,1.5368,19.21,,0.08,0.0,0
1121530,1178,144612,40-44,M,30,188873,38,58.5999999,1,1,False,0.0002,1.5421,58.6,58.6,0.0263,1.0,1
1121532,1178,144612,40-44,M,30,123126,25,39.72999978,2,1,False,0.0002,1.5892,19.865,39.73,0.08,0.5,1
1121535,1178,144613,40-44,M,31,77794,14,19.11000001,1,1,False,0.0002,1.365,19.11,19.11,0.0714,1.0,1
1121541,1178,144614,40-44,M,32,56630,9,15.81000018,1,1,False,0.0002,1.7567,15.81,15.81,0.1111,1.0,1
1121544,1178,144614,40-44,M,32,400844,85,140.9700022,4,2,False,0.0002,1.6585,35.2425,70.485,0.0471,0.5,1
1121545,1178,144614,40-44,M,32,208572,36,60.76000023,2,1,False,0.0002,1.6878,30.38,60.76,0.0556,0.5,1
1121548,1178,144615,40-44,M,36,59004,8,13.51000011,1,0,False,0.0001,1.6888,13.51,,0.125,0.0,0
1121551,1178,144615,40-44,M,36,196253,32,55.10000002,1,0,False,0.0002,1.7219,55.1,,0.0312,0.0,0
1121554,1178,144616,40-44,M,63,51858,8,12.63000011,1,1,False,0.0002,1.5788,12.63,12.63,0.125,1.0,1
1121557,1178,144616,40-44,M,63,280764,49,81.36000025,2,1,False,0.0002,1.6604,40.68,81.36,0.0408,0.5,1
1121561,1178,144617,40-44,M,64,63660,11,16.47000003,1,1,False,0.0002,1.4973,16.47,16.47,0.0909,1.0,1
1121562,1178,144617,40-44,M,64,109289,19,31.02999997,1,0,False,0.0002,1.6332,31.03,,0.0526,0.0,0
1121568,1178,144618,40-44,M,65,188440,40,60.72999966,2,1,False,0.0002,1.5182,30.365,60.73,0.05,0.5,1
1121571,1178,144619,40-44,M,2,212496,44,74.83000135,2,1,False,0.0002,1.7007,37.415,74.83,0.0455,0.5,1
1121572,1178,144619,40-44,M,2,32574,5,7.480000019,1,0,False,0.0002,1.496,7.48,,0.2,0.0,0
1121575,1178,144619,40-44,M,2,128595,23,36.4800005,1,1,False,0.0002,1.5861,36.48,36.48,0.0435,1.0,1
1121577,1178,144620,40-44,M,7,242234,48,68.06000054,2,0,False,0.0002,1.4179,34.03,,0.0417,0.0,0
1121584,1178,144621,40-44,M,66,33154,5,7.879999995,1,1,False,0.0002,1.576,7.88,7.88,0.2,1.0,1
1121585,1178,144621,40-44,M,66,9773,1,1.460000038,1,0,False,0.0001,1.46,1.46,,1.0,0.0,0
1121589,1178,144622,45-49,M,10,464036,77,123.5500004,3,1,False,0.0002,1.6045,41.1833,123.55,0.039,0.3333,1
1121590,1178,144622,45-49,M,10,478480,75,135.7500012,3,1,False,0.0002,1.81,45.25,135.75,0.04,0.3333,1
1121592,1178,144622,45-49,M,10,428812,66,116.8800001,4,2,False,0.0002,1.7709,29.22,58.44,0.0606,0.5,1
1121593,1178,144622,45-49,M,10,1177535,221,365.6600009,15,3,False,0.0002,1.6546,24.3773,121.8867,0.0679,0.2,1
1121594,1178,144622,45-49,M,10,426500,72,128.2799988,4,1,False,0.0002,1.7817,32.07,128.28,0.0556,0.25,1
1121597,1178,144623,45-49,M,15,54237,7,10.77999985,2,1,False,0.0001,1.54,5.39,10.78,0.2857,0.5,1
1121598,1178,144623,45-49,M,15,506916,89,133.6999986,2,2,False,0.0002,1.5022,66.85,66.85,0.0225,1.0,1
1121599,1178,144623,45-49,M,15,250960,42,64.87999952,2,0,False,0.0002,1.5448,32.44,,0.0476,0.0,0
1121601,1178,144624,45-49,M,16,2286228,353,603.380002,16,7,False,0.0002,1.7093,37.7113,86.1971,0.0453,0.4375,1
1121602,1178,144624,45-49,M,16,915451,125,220.559999,6,1,False,0.0001,1.7645,36.76,220.56,0.048,0.1667,1
1121603,1178,144624,45-49,M,16,159478,20,33.89999998,3,1,False,0.0001,1.695,11.3,33.9,0.15,0.3333,1
1121605,1178,144624,45-49,M,16,1228924,190,318.9700032,6,3,False,0.0002,1.6788,53.1617,106.3233,0.0316,0.5,1
1121606,1178,144624,45-49,M,16,938283,134,248.6400001,7,2,False,0.0001,1.8555,35.52,124.32,0.0522,0.2857,1
1121607,1178,144625,45-49,M,18,154572,26,40.93000007,1,1,False,0.0002,1.5742,40.93,40.93,0.0385,1.0,1
1121609,1178,144625,45-49,M,18,378171,70,109.2500008,1,0,False,0.0002,1.5607,109.25,,0.0143,0.0,0
1121612,1178,144625,45-49,M,18,468749,84,134.1199975,6,1,False,0.0002,1.5967,22.3533,134.12,0.0714,0.1667,1
1121613,1178,144626,45-49,M,19,309823,60,103.3899996,4,4,False,0.0002,1.7232,25.8475,25.8475,0.0667,1.0,1
1121615,1178,144626,45-49,M,19,327227,65,116.5599996,5,0,False,0.0002,1.7932,23.312,,0.0769,0.0,0
1121616,1178,144626,45-49,M,19,334945,72,120.2999994,2,1,False,0.0002,1.6708,60.15,120.3,0.0278,0.5,1
1121617,1178,144626,45-49,M,19,68859,15,25.45999968,1,0,False,0.0002,1.6973,25.46,,0.0667,0.0,0
1121619,1178,144627,45-49,M,20,127125,20,35.67999983,2,0,False,0.0002,1.784,17.84,,0.1,0.0,0
1121620,1178,144627,45-49,M,20,415798,80,131.7800006,3,1,False,0.0002,1.6473,43.9267,131.78,0.0375,0.3333,1
1121622,1178,144627,45-49,M,20,107671,20,29.91000021,1,1,False,0.0002,1.4955,29.91,29.91,0.05,1.0,1
1121623,1178,144627,45-49,M,20,164356,28,46.7900002,2,1,False,0.0002,1.6711,23.395,46.79,0.0714,0.5,1
1121624,1178,144627,45-49,M,20,17662,2,3.189999938,1,0,False,0.0001,1.595,3.19,,0.5,0.0,0
1121627,1178,144628,45-49,M,21,65339,10,16.67999983,2,0,False,0.0002,1.668,8.34,,0.2,0.0,0
1121628,1178,144628,45-49,M,21,59838,7,11.11000013,1,0,False,0.0001,1.5871,11.11,,0.1429,0.0,0
1121629,1178,144628,45-49,M,21,381577,81,127.5699993,2,0,False,0.0002,1.5749,63.785,,0.0247,0.0,0
1121635,1178,144629,45-49,M,22,45491,8,11.00999999,1,0,False,0.0002,1.3762,11.01,,0.125,0.0,0
1121638,1178,144630,45-49,M,23,18946,2,3.599999905,1,0,False,0.0001,1.8,3.6,,0.5,0.0,0
1121641,1178,144630,45-49,M,23,114370,18,33.65999997,1,0,False,0.0002,1.87,33.66,,0.0556,0.0,0
1121642,1178,144630,45-49,M,23,99698,21,33.3499999,1,0,False,0.0002,1.5881,33.35,,0.0476,0.0,0
1121644,1178,144631,45-49,M,24,355165,81,128.6099997,4,3,False,0.0002,1.5878,32.1525,42.87,0.0494,0.75,1
1121650,1178,144632,45-49,M,25,101431,23,33.93000031,1,1,False,0.0002,1.4752,33.93,33.93,0.0435,1.0,1
1121652,1178,144632,45-49,M,25,123151,24,36.4400003,2,1,False,0.0002,1.5183,18.22,36.44,0.0833,0.5,1
1121660,1178,144633,45-49,M,26,24078,4,5.769999981,1,0,False,0.0002,1.4425,5.77,,0.25,0.0,0
1121661,1178,144634,45-49,M,27,517801,105,181.7200011,3,0,False,0.0002,1.7307,60.5733,,0.0286,0.0,0
1121662,1178,144634,45-49,M,27,145104,25,41.42000008,2,1,False,0.0002,1.6568,20.71,41.42,0.08,0.5,1
1121664,1178,144634,45-49,M,27,179950,35,58.67999971,1,0,False,0.0002,1.6766,58.68,,0.0286,0.0,0
1121665,1178,144634,45-49,M,27,258531,46,80.33999979,2,0,False,0.0002,1.7465,40.17,,0.0435,0.0,0
1121666,1178,144634,45-49,M,27,272500,62,104.4599996,3,0,False,0.0002,1.6848,34.82,,0.0484,0.0,0
1121667,1178,144635,45-49,M,28,273197,57,87.7300005,3,0,False,0.0002,1.5391,29.2433,,0.0526,0.0,0
1121668,1178,144635,45-49,M,28,775904,172,253.990002,4,2,False,0.0002,1.4767,63.4975,126.995,0.0233,0.5,1
1121669,1178,144635,45-49,M,28,120251,26,39.44000006,1,0,False,0.0002,1.5169,39.44,,0.0385,0.0,0
1121671,1178,144635,45-49,M,28,139406,24,39.04999948,1,0,False,0.0002,1.6271,39.05,,0.0417,0.0,0
1121672,1178,144635,45-49,M,28,60314,11,16.93999958,2,1,False,0.0002,1.54,8.47,16.94,0.1818,0.5,1
1121673,1178,144636,45-49,M,29,563074,86,142.7099985,4,2,False,0.0002,1.6594,35.6775,71.355,0.0465,0.5,1
1121674,1178,144636,45-49,M,29,168655,18,27.29999983,2,0,False,0.0001,1.5167,13.65,,0.1111,0.0,0
1121675,1178,144636,45-49,M,29,111963,17,29.3799994,2,1,False,0.0002,1.7282,14.69,29.38,0.1176,0.5,1
1121676,1178,144636,45-49,M,29,1026304,168,277.5799986,17,8,False,0.0002,1.6523,16.3282,34.6975,0.1012,0.4706,1
1121677,1178,144636,45-49,M,29,1391924,258,422.8400038,17,10,False,0.0002,1.6389,24.8729,42.284,0.0659,0.5882,1
1121678,1178,144636,45-49,M,29,147551,22,38.50000083,1,0,False,0.0001,1.75,38.5,,0.0455,0.0,0
1121685,1178,144638,45-49,M,31,66794,9,17.3299998,1,1,False,0.0001,1.9256,17.33,17.33,0.1111,1.0,1
1121687,1178,144638,45-49,M,31,118882,19,32.30999994,2,1,False,0.0002,1.7005,16.155,32.31,0.1053,0.5,1
1121689,1178,144638,45-49,M,31,148010,24,41.96999943,1,0,False,0.0002,1.7487,41.97,,0.0417,0.0,0
1121691,1178,144639,45-49,M,32,932890,197,352.4499989,3,1,False,0.0002,1.7891,117.4833,352.45,0.0152,0.3333,1
1121692,1178,144639,45-49,M,32,718359,147,264.5899997,4,1,False,0.0002,1.7999,66.1475,264.59,0.0272,0.25,1
1121693,1178,144639,45-49,M,32,433658,82,158.5999998,5,2,False,0.0002,1.9341,31.72,79.3,0.061,0.4,1
1121695,1178,144639,45-49,M,32,29455,3,4.769999981,1,0,False,0.0001,1.59,4.77,,0.3333,0.0,0
1121701,1178,144640,45-49,M,36,23973,3,4.820000052,1,1,False,0.0001,1.6067,4.82,4.82,0.3333,1.0,1
1121705,1178,144641,45-49,M,63,126480,25,37.25999999,1,1,False,0.0002,1.4904,37.26,37.26,0.04,1.0,1
1121706,1178,144641,45-49,M,63,138959,28,39.5200007,1,0,False,0.0002,1.4114,39.52,,0.0357,0.0,0
1121708,1178,144641,45-49,M,63,68829,12,19.47999978,1,0,False,0.0002,1.6233,19.48,,0.0833,0.0,0
1121711,1178,144642,45-49,M,64,49916,10,16.38,1,1,False,0.0002,1.638,16.38,16.38,0.1,1.0,1
1121716,1178,144643,45-49,M,65,76014,16,22.67000031,1,1,False,0.0002,1.4169,22.67,22.67,0.0625,1.0,1
1121723,1178,144644,45-49,M,2,50947,10,15.99000025,1,0,False,0.0002,1.599,15.99,,0.1,0.0,0
1121733,1178,144646,45-49,M,66,55536,11,17.04999995,1,0,False,0.0002,1.55,17.05,,0.0909,0.0,0
1121741,1178,144647,30-34,F,10,318042,46,64.40999997,8,4,False,0.0001,1.4002,8.0512,16.1025,0.1739,0.5,1
1121742,1178,144647,30-34,F,10,213016,30,44.21999955,8,2,False,0.0001,1.474,5.5275,22.11,0.2667,0.25,1
1121745,1178,144648,30-34,F,15,182265,27,38.18000007,2,1,False,0.0001,1.4141,19.09,38.18,0.0741,0.5,1
1121746,1178,144648,30-34,F,15,1117371,177,268.050002,26,5,False,0.0002,1.5144,10.3096,53.61,0.1469,0.1923,1
1121749,1178,144648,30-34,F,15,333345,52,77.59000027,5,1,False,0.0002,1.4921,15.518,77.59,0.0962,0.2,1
1121751,1178,144649,30-34,F,16,275930,30,46.77999997,5,2,False,0.0001,1.5593,9.356,23.39,0.1667,0.4,1
1121753,1178,144649,30-34,F,16,740631,101,153.1199975,9,1,False,0.0001,1.516,17.0133,153.12,0.0891,0.1111,1
1121754,1178,144649,30-34,F,16,328272,35,55.99000025,2,1,False,0.0001,1.5997,27.995,55.99,0.0571,0.5,1
1121755,1178,144649,30-34,F,16,178455,20,31.5400002,6,3,False,0.0001,1.577,5.2567,10.5133,0.3,0.5,1
1121756,1178,144649,30-34,F,16,705712,98,147.339999,6,1,False,0.0001,1.5035,24.5567,147.34,0.0612,0.1667,1
1121758,1178,144650,30-34,F,18,690373,91,159.5700021,5,2,False,0.0001,1.7535,31.914,79.785,0.0549,0.4,1
1121759,1178,144650,30-34,F,18,515812,69,117.6299995,3,1,False,0.0001,1.7048,39.21,117.63,0.0435,0.3333,1
1121760,1178,144650,30-34,F,18,764793,101,171.9799976,4,2,False,0.0001,1.7028,42.995,85.99,0.0396,0.5,1
1121763,1178,144651,30-34,F,19,87832,11,18.10000038,1,1,False,0.0001,1.6455,18.1,18.1,0.0909,1.0,1
1121764,1178,144651,30-34,F,19,23368,3,4.300000191,1,0,False,0.0001,1.4333,4.3,,0.3333,0.0,0
1121765,1178,144651,30-34,F,19,51509,7,11.57000005,1,0,False,0.0001,1.6529,11.57,,0.1429,0.0,0
1121767,1178,144651,30-34,F,19,87043,16,24.48000002,2,0,False,0.0002,1.53,12.24,,0.125,0.0,0
1121768,1178,144651,30-34,F,19,565565,113,169.6699982,7,4,False,0.0002,1.5015,24.2386,42.4175,0.0619,0.5714,1
1121769,1178,144652,30-34,F,20,253758,43,62.14000034,4,1,False,0.0002,1.4451,15.535,62.14,0.093,0.25,1
1121773,1178,144652,30-34,F,20,319131,51,76.68000025,6,1,False,0.0002,1.5035,12.78,76.68,0.1176,0.1667,1
1121774,1178,144652,30-34,F,20,670608,130,195.1499978,11,3,False,0.0002,1.5012,17.7409,65.05,0.0846,0.2727,1
1121775,1178,144653,30-34,F,21,159123,25,38.36000013,5,3,False,0.0002,1.5344,7.672,12.7867,0.2,0.6,1
1121776,1178,144653,30-34,F,21,103709,15,24.56999969,3,1,False,0.0001,1.638,8.19,24.57,0.2,0.3333,1
1121779,1178,144653,30-34,F,21,271589,45,74.41000032,9,3,False,0.0002,1.6536,8.2678,24.8033,0.2,0.3333,1
1121780,1178,144653,30-34,F,21,119772,20,33.46999907,5,2,False,0.0002,1.6735,6.694,16.735,0.25,0.4,1
1121782,1178,144654,30-34,F,22,26340,3,4.220000029,1,1,False,0.0001,1.4067,4.22,4.22,0.3333,1.0,1
1121783,1178,144654,30-34,F,22,594968,111,147.6700006,4,0,False,0.0002,1.3304,36.9175,,0.036,0.0,0
1121791,1178,144655,30-34,F,23,6838,0,0.0,1,0,True,0.0,,0.0,,,0.0,0
1121793,1178,144656,30-34,F,24,185665,39,62.14000058,1,0,False,0.0002,1.5933,62.14,,0.0256,0.0,0
1121795,1178,144656,30-34,F,24,24959,3,4.560000062,1,1,False,0.0001,1.52,4.56,4.56,0.3333,1.0,1
1121796,1178,144656,30-34,F,24,136967,23,35.05999982,3,1,False,0.0002,1.5243,11.6867,35.06,0.1304,0.3333,1
1121798,1178,144656,30-34,F,24,107548,19,29.31000018,1,0,False,0.0002,1.5426,29.31,,0.0526,0.0,0
1121803,1178,144657,30-34,F,25,588617,119,169.9199973,2,0,False,0.0002,1.4279,84.96,,0.0168,0.0,0
1121806,1178,144658,30-34,F,26,190560,26,41.63,3,1,False,0.0001,1.6012,13.8767,41.63,0.1154,0.3333,1
1121807,1178,144658,30-34,F,26,373110,49,75.70000076,4,2,False,0.0001,1.5449,18.925,37.85,0.0816,0.5,1
1121812,1178,144659,30-34,F,27,935646,170,256.4699982,19,6,False,0.0002,1.5086,13.4984,42.745,0.1118,0.3158,1
1121814,1178,144659,30-34,F,27,2223278,421,612.3000032,38,13,False,0.0002,1.4544,16.1132,47.1,0.0903,0.3421,1
1121815,1178,144659,30-34,F,27,240497,36,51.84000087,1,0,False,0.0001,1.44,51.84,,0.0278,0.0,0
1121816,1178,144659,30-34,F,27,259984,37,54.7900002,5,0,False,0.0001,1.4808,10.958,,0.1351,0.0,0
1121817,1178,144660,30-34,F,28,606786,127,179.050001,11,3,False,0.0002,1.4098,16.2773,59.6833,0.0866,0.2727,1
1121818,1178,144660,30-34,F,28,83270,13,17.74000001,1,0,False,0.0002,1.3646,17.74,,0.0769,0.0,0
1121819,1178,144660,30-34,F,28,1189509,268,375.7199963,7,3,False,0.0002,1.4019,53.6743,125.24,0.0261,0.4286,1
1121820,1178,144660,30-34,F,28,11471,1,1.570000052,0,0,False,0.0001,1.57,,,0.0,,0
1121824,1178,144661,30-34,F,29,1705246,295,429.4799981,23,10,False,0.0002,1.4559,18.673,42.948,0.078,0.4348,1
1121826,1178,144661,30-34,F,29,418016,63,95.8500005,3,1,False,0.0002,1.5214,31.95,95.85,0.0476,0.3333,1
1121827,1178,144661,30-34,F,29,30155,3,3.819999933,1,0,False,0.0001,1.2733,3.82,,0.3333,0.0,0
1121828,1178,144661,30-34,F,29,990404,153,226.5399992,12,6,False,0.0002,1.4807,18.8783,37.7567,0.0784,0.5,1
1121829,1178,144662,30-34,F,30,187468,34,50.72000062,2,1,False,0.0002,1.4918,25.36,50.72,0.0588,0.5,1
1121832,1178,144662,30-34,F,30,208301,33,54.57000089,1,0,False,0.0002,1.6536,54.57,,0.0303,0.0,0
1121833,1178,144662,30-34,F,30,101856,16,25.22000039,4,1,False,0.0002,1.5763,6.305,25.22,0.25,0.25,1
1121835,1178,144663,30-34,F,31,48935,7,9.970000267,1,1,False,0.0001,1.4243,9.97,9.97,0.1429,1.0,1
1121839,1178,144663,30-34,F,31,13911,1,1.730000019,1,1,False,0.0001,1.73,1.73,1.73,1.0,1.0,1
1121841,1178,144664,30-34,F,32,511726,77,123.0900019,8,4,False,0.0002,1.5986,15.3863,30.7725,0.1039,0.5,1
1121843,1178,144664,30-34,F,32,177452,24,37.83000016,2,0,False,0.0001,1.5763,18.915,,0.0833,0.0,0
1121844,1178,144664,30-34,F,32,149808,20,33.03999937,1,1,False,0.0001,1.652,33.04,33.04,0.05,1.0,1
1121845,1178,144664,30-34,F,32,390339,60,105.0199997,9,6,False,0.0002,1.7503,11.6689,17.5033,0.15,0.6667,1
1121846,1178,144664,30-34,F,32,8350,0,0.0,1,0,True,0.0,,0.0,,,0.0,0
1121847,1178,144665,30-34,F,36,39339,4,5.929999948,1,0,False,0.0001,1.4825,5.93,,0.25,0.0,0
1121854,1178,144666,30-34,F,63,8587,0,0.0,1,0,True,0.0,,0.0,,,0.0,0
1121855,1178,144666,30-34,F,63,24893,2,3.75,1,0,False,0.0001,1.875,3.75,,0.5,0.0,0
1121856,1178,144666,30-34,F,63,1296189,212,343.2599944,14,4,False,0.0002,1.6192,24.5186,85.815,0.066,0.2857,1
1121857,1178,144666,30-34,F,63,91607,12,19.1899997,2,1,False,0.0001,1.5992,9.595,19.19,0.1667,0.5,1
1121859,1178,144667,30-34,F,64,238036,38,61.02999771,6,3,False,0.0002,1.6061,10.1717,20.3433,0.1579,0.5,1
1121860,1178,144667,30-34,F,64,254344,35,56.16999996,2,1,False,0.0001,1.6049,28.085,56.17,0.0571,0.5,1
1121861,1178,144667,30-34,F,64,157705,23,39.23000026,2,0,False,0.0001,1.7057,19.615,,0.087,0.0,0
1121862,1178,144667,30-34,F,64,411571,60,99.1799984,6,1,False,0.0001,1.653,16.53,99.18,0.1,0.1667,1
1121863,1178,144667,30-34,F,64,94136,11,16.17999971,1,0,False,0.0001,1.4709,16.18,,0.0909,0.0,0
1121867,1178,144668,30-34,F,65,82640,16,23.97000039,1,1,False,0.0002,1.4981,23.97,23.97,0.0625,1.0,1
1121869,1178,144668,30-34,F,65,17870,2,2.620000005,1,1,False,0.0001,1.31,2.62,2.62,0.5,1.0,1
1121871,1178,144669,30-34,F,2,19178,2,2.779999971,1,1,False,0.0001,1.39,2.78,2.78,0.5,1.0,1
1121873,1178,144669,30-34,F,2,5264,0,0.0,1,0,True,0.0,,0.0,,,0.0,0
1121874,1178,144669,30-34,F,2,145548,28,42.37000036,2,1,False,0.0002,1.5132,21.185,42.37,0.0714,0.5,1
1121876,1178,144669,30-34,F,2,82455,15,22.04999971,1,0,False,0.0002,1.47,22.05,,0.0667,0.0,0
1121877,1178,144670,30-34,F,7,44189,7,10.31999981,2,0,False,0.0002,1.4743,5.16,,0.2857,0.0,0
1121878,1178,144670,30-34,F,7,45199,7,9.809999943,1,0,False,0.0002,1.4014,9.81,,0.1429,0.0,0
1121881,1178,144670,30-34,F,7,221843,43,63.45000076,5,0,False,0.0002,1.4756,12.69,,0.1163,0.0,0
1121888,1178,144671,30-34,F,66,41672,6,10.54999995,2,1,False,0.0001,1.7583,5.275,10.55,0.3333,0.5,1
1121889,1178,144672,35-39,F,10,127546,25,38.94000041,2,0,False,0.0002,1.5576,19.47,,0.08,0.0,0
1121890,1178,144672,35-39,F,10,127865,28,38.02999961,3,1,False,0.0002,1.3582,12.6767,38.03,0.1071,0.3333,1
1121891,1178,144672,35-39,F,10,1025327,229,314.2999983,16,2,False,0.0002,1.3725,19.6437,157.15,0.0699,0.125,1
1121894,1178,144672,35-39,F,10,561415,124,173.76,3,0,False,0.0002,1.4013,57.92,,0.0242,0.0,0
1121895,1178,144673,35-39,F,15,132803,25,37.32000124,2,1,False,0.0002,1.4928,18.66,37.32,0.08,0.5,1
1121897,1178,144673,35-39,F,15,24664,2,2.629999995,1,1,False,0.0001,1.315,2.63,2.63,0.5,1.0,1
1121901,1178,144674,35-39,F,16,1020561,172,263.8100007,7,3,False,0.0002,1.5338,37.6871,87.9367,0.0407,0.4286,1
1121902,1178,144674,35-39,F,16,682143,114,177.1099993,6,2,False,0.0002,1.5536,29.5183,88.555,0.0526,0.3333,1
1121903,1178,144674,35-39,F,16,1247717,222,343.4199994,11,4,False,0.0002,1.5469,31.22,85.855,0.0495,0.3636,1
1121904,1178,144674,35-39,F,16,146406,23,33.22999942,1,1,False,0.0002,1.4448,33.23,33.23,0.0435,1.0,1
1121905,1178,144674,35-39,F,16,905699,161,234.6599982,4,1,False,0.0002,1.4575,58.665,234.66,0.0248,0.25,1
1121906,1178,144674,35-39,F,16,1184580,194,297.8299981,14,3,False,0.0002,1.5352,21.2736,99.2767,0.0722,0.2143,1
1121907,1178,144675,35-39,F,18,98057,20,31.00999963,1,1,False,0.0002,1.5505,31.01,31.01,0.05,1.0,1
1121917,1178,144676,35-39,F,19,238735,56,84.65999889,4,1,False,0.0002,1.5118,21.165,84.66,0.0714,0.25,1
1121918,1178,144676,35-39,F,19,320657,77,115.8800026,2,0,False,0.0002,1.5049,57.94,,0.026,0.0,0
1121925,1178,144678,35-39,F,21,244074,57,84.51000023,4,2,False,0.0002,1.4826,21.1275,42.255,0.0702,0.5,1
1121928,1178,144678,35-39,F,21,39146,8,13.05999959,1,0,False,0.0002,1.6325,13.06,,0.125,0.0,0
1121931,1178,144679,35-39,F,22,78468,15,23.64999962,1,0,False,0.0002,1.5767,23.65,,0.0667,0.0,0
1121933,1178,144679,35-39,F,22,325653,63,89.35000026,2,0,False,0.0002,1.4183,44.675,,0.0317,0.0,0
1121935,1178,144679,35-39,F,22,66277,12,17.30000019,1,0,False,0.0002,1.4417,17.3,,0.0833,0.0,0
1121936,1178,144679,35-39,F,22,93002,16,23.33999968,1,0,False,0.0002,1.4587,23.34,,0.0625,0.0,0
1121944,1178,144681,35-39,F,24,109723,27,40.9600004,1,0,False,0.0002,1.517,40.96,,0.037,0.0,0
1121948,1178,144681,35-39,F,24,118941,35,50.11000001,4,1,False,0.0003,1.4317,12.5275,50.11,0.1143,0.25,1
1121949,1178,144682,35-39,F,25,221576,47,66.79000068,6,1,False,0.0002,1.4211,11.1317,66.79,0.1277,0.1667,1
1121953,1178,144682,35-39,F,25,8341,1,1.639999986,1,0,False,0.0001,1.64,1.64,,1.0,0.0,0
1121954,1178,144682,35-39,F,25,120335,26,36.2299993,2,0,False,0.0002,1.3935,18.115,,0.0769,0.0,0
1121955,1178,144683,35-39,F,26,182098,40,62.86999989,1,1,False,0.0002,1.5717,62.87,62.87,0.025,1.0,1
1121956,1178,144683,35-39,F,26,227473,52,71.58000052,1,1,False,0.0002,1.3765,71.58,71.58,0.0192,1.0,1
1121962,1178,144684,35-39,F,27,1050947,230,350.5099957,6,1,False,0.0002,1.524,58.4183,350.51,0.0261,0.1667,1
1121963,1178,144684,35-39,F,27,720859,162,213.6899986,13,5,False,0.0002,1.3191,16.4377,42.738,0.0802,0.3846,1
1121971,1178,144685,35-39,F,28,41111,8,10.96000016,1,0,False,0.0002,1.37,10.96,,0.125,0.0,0
1121973,1178,144686,35-39,F,29,148616,25,37.39999962,6,4,False,0.0002,1.496,6.2333,9.35,0.24,0.6667,1
1121976,1178,144686,35-39,F,29,707260,135,210.8200028,13,6,False,0.0002,1.5616,16.2169,35.1367,0.0963,0.4615,1
1121977,1178,144686,35-39,F,29,139596,26,42.41000032,1,1,False,0.0002,1.6312,42.41,42.41,0.0385,1.0,1
1121983,1178,144687,35-39,F,30,105399,22,33.19999933,2,0,False,0.0002,1.5091,16.6,,0.0909,0.0,0
1121994,1178,144689,35-39,F,32,222378,50,72.91000104,1,0,False,0.0002,1.4582,72.91,,0.02,0.0,0
1122003,1178,144691,35-39,F,63,975792,210,293.8800011,10,4,False,0.0002,1.3994,29.388,73.47,0.0476,0.4,1
1122004,1178,144691,35-39,F,63,579150,125,167.0499997,5,1,False,0.0002,1.3364,33.41,167.05,0.04,0.2,1
1122005,1178,144691,35-39,F,63,449588,81,123.800001,5,2,False,0.0002,1.5284,24.76,61.9,0.0617,0.4,1
1122006,1178,144691,35-39,F,63,318157,56,85.70000196,3,0,False,0.0002,1.5304,28.5667,,0.0536,0.0,0
1122007,1178,144691,35-39,F,63,196967,43,65.17999971,2,1,False,0.0002,1.5158,32.59,65.18,0.0465,0.5,1
1122011,1178,144692,35-39,F,64,158298,37,46.43000007,4,1,False,0.0002,1.2549,11.6075,46.43,0.1081,0.25,1
1122012,1178,144692,35-39,F,64,222739,55,68.55999959,5,2,False,0.0002,1.2465,13.712,34.28,0.0909,0.4,1
1122022,1178,144694,35-39,F,2,20780,5,8.189999938,1,0,False,0.0002,1.638,8.19,,0.2,0.0,0
1122027,1178,144695,35-39,F,7,128616,33,48.54999948,2,0,False,0.0003,1.4712,24.275,,0.0606,0.0,0
1122039,1178,144697,40-44,F,10,258954,61,82.27999902,1,0,False,0.0002,1.3489,82.28,,0.0164,0.0,0
1122040,1178,144697,40-44,F,10,205289,48,71.53000104,3,0,False,0.0002,1.4902,23.8433,,0.0625,0.0,0
1122041,1178,144697,40-44,F,10,611601,138,191.419996,8,3,False,0.0002,1.3871,23.9275,63.8067,0.058,0.375,1
1122043,1178,144697,40-44,F,10,947657,233,321.8700004,8,4,False,0.0002,1.3814,40.2338,80.4675,0.0343,0.5,1
1122044,1178,144697,40-44,F,10,233043,49,65.03000033,2,0,False,0.0002,1.3271,32.515,,0.0408,0.0,0
1122047,1178,144698,40-44,F,15,582725,142,194.8099988,9,2,False,0.0002,1.3719,21.6456,97.405,0.0634,0.2222,1
1122052,1178,144699,40-44,F,16,265038,51,78.45999932,2,1,False,0.0002,1.5384,39.23,78.46,0.0392,0.5,1
1122054,1178,144699,40-44,F,16,222273,39,53.62999868,6,1,False,0.0002,1.3751,8.9383,53.63,0.1538,0.1667,1
1122055,1178,144699,40-44,F,16,797234,170,243.7699978,4,1,False,0.0002,1.4339,60.9425,243.77,0.0235,0.25,1
1122056,1178,144699,40-44,F,16,925555,182,262.8899981,4,2,False,0.0002,1.4445,65.7225,131.445,0.022,0.5,1
1122058,1178,144700,40-44,F,18,22210,3,4.050000191,1,1,False,0.0001,1.35,4.05,4.05,0.3333,1.0,1
1122075,1178,144703,40-44,F,21,46391,11,16.40999985,3,1,False,0.0002,1.4918,5.47,16.41,0.2727,0.3333,1
1122078,1178,144703,40-44,F,21,190477,42,66.38999987,1,0,False,0.0002,1.5807,66.39,,0.0238,0.0,0
1122079,1178,144703,40-44,F,21,25382,7,9.609999895,1,0,False,0.0003,1.3729,9.61,,0.1429,0.0,0
1122085,1178,144704,40-44,F,22,65726,17,22.12000012,2,0,False,0.0003,1.3012,11.06,,0.1176,0.0,0
1122089,1178,144705,40-44,F,23,195220,51,78.06000042,1,0,False,0.0003,1.5306,78.06,,0.0196,0.0,0
1122092,1178,144705,40-44,F,23,107501,27,40.87999928,2,2,False,0.0003,1.5141,20.44,20.44,0.0741,1.0,1
1122101,1178,144707,40-44,F,25,197772,63,88.21000016,7,2,False,0.0003,1.4002,12.6014,44.105,0.1111,0.2857,1
1122102,1178,144707,40-44,F,25,138154,35,48.93999863,1,0,False,0.0003,1.3983,48.94,,0.0286,0.0,0
1122103,1178,144707,40-44,F,25,270124,69,95.84999895,2,0,False,0.0003,1.3891,47.925,,0.029,0.0,0
1122105,1178,144708,40-44,F,26,303971,77,106.9299998,11,6,False,0.0003,1.3887,9.7209,17.8217,0.1429,0.5455,1
1122107,1178,144708,40-44,F,26,682046,183,254.419997,4,2,False,0.0003,1.3903,63.605,127.21,0.0219,0.5,1
1122109,1178,144708,40-44,F,26,328365,83,117.3400005,2,1,False,0.0003,1.4137,58.67,117.34,0.0241,0.5,1
1122112,1178,144709,40-44,F,27,1083259,276,390.2599992,11,0,False,0.0003,1.414,35.4782,,0.0399,0.0,0
1122113,1178,144709,40-44,F,27,913929,245,340.4099993,7,2,False,0.0003,1.3894,48.63,170.205,0.0286,0.2857,1
1122118,1178,144710,40-44,F,28,101586,24,33.47000039,2,1,False,0.0002,1.3946,16.735,33.47,0.0833,0.5,1
1122120,1178,144710,40-44,F,28,181053,46,66.27999985,3,1,False,0.0003,1.4409,22.0933,66.28,0.0652,0.3333,1
1122121,1178,144710,40-44,F,28,133419,35,48.18000007,2,1,False,0.0003,1.3766,24.09,48.18,0.0571,0.5,1
1122125,1178,144711,40-44,F,29,489573,113,156.1199993,3,2,False,0.0002,1.3816,52.04,78.06,0.0265,0.6667,1
1122127,1178,144711,40-44,F,29,822023,194,288.3300035,6,0,False,0.0002,1.4862,48.055,,0.0309,0.0,0
1122131,1178,144712,40-44,F,30,93176,29,40.37000024,1,1,False,0.0003,1.3921,40.37,40.37,0.0345,1.0,1
1122138,1178,144713,40-44,F,31,47229,13,19.27999985,1,0,False,0.0003,1.4831,19.28,,0.0769,0.0,0
1122139,1178,144713,40-44,F,31,92263,24,34.03000015,1,0,False,0.0003,1.4179,34.03,,0.0417,0.0,0
1122140,1178,144713,40-44,F,31,81551,21,29.67000008,1,0,False,0.0003,1.4129,29.67,,0.0476,0.0,0
1122145,1178,144714,40-44,F,32,141037,32,47.78999913,3,0,False,0.0002,1.4934,15.93,,0.0938,0.0,0
1122146,1178,144714,40-44,F,32,319501,79,111.6500003,0,0,False,0.0002,1.4133,,,0.0,,0
1122149,1178,144715,40-44,F,36,72741,19,24.33000016,2,0,False,0.0003,1.2805,12.165,,0.1053,0.0,0
1122154,1178,144716,40-44,F,63,597419,135,188.5100002,2,1,False,0.0002,1.3964,94.255,188.51,0.0148,0.5,1
1122157,1178,144716,40-44,F,63,98768,21,33.14000034,1,1,False,0.0002,1.5781,33.14,33.14,0.0476,1.0,1
1122160,1178,144717,40-44,F,64,173165,41,59.85000026,1,0,False,0.0002,1.4598,59.85,,0.0244,0.0,0
1122165,1178,144718,40-44,F,65,55823,13,21.10999966,1,1,False,0.0002,1.6238,21.11,21.11,0.0769,1.0,1
1122166,1178,144718,40-44,F,65,118451,28,38.35000062,4,1,False,0.0002,1.3696,9.5875,38.35,0.1429,0.25,1
1122176,1178,144719,40-44,F,2,74424,22,30.84000027,1,1,False,0.0003,1.4018,30.84,30.84,0.0455,1.0,1
1122177,1178,144720,40-44,F,7,47929,12,14.58999991,1,1,False,0.0003,1.2158,14.59,14.59,0.0833,1.0,1
1122182,1178,144720,40-44,F,7,40801,12,15.91999972,0,0,False,0.0003,1.3267,,,0.0,,0
1122183,1178,144721,40-44,F,66,66017,17,24.22000015,1,0,False,0.0003,1.4247,24.22,,0.0588,0.0,0
1122189,1178,144722,45-49,F,10,725043,179,238.4000007,5,3,False,0.0002,1.3318,47.68,79.4667,0.0279,0.6,1
1122191,1178,144722,45-49,F,10,382776,97,132.7300007,5,1,False,0.0003,1.3684,26.546,132.73,0.0515,0.2,1
1122192,1178,144722,45-49,F,10,548250,137,201.6000042,5,1,False,0.0002,1.4715,40.32,201.6,0.0365,0.2,1
1122193,1178,144722,45-49,F,10,1358324,346,465.0799981,8,2,False,0.0003,1.3442,58.135,232.54,0.0231,0.25,1
1122197,1178,144723,45-49,F,15,662249,163,234.9399992,2,0,False,0.0002,1.4413,117.47,,0.0123,0.0,0
1122200,1178,144723,45-49,F,15,559554,139,195.0799994,2,0,False,0.0002,1.4035,97.54,,0.0144,0.0,0
1122201,1178,144724,45-49,F,16,320757,68,104.6899989,2,0,False,0.0002,1.5396,52.345,,0.0294,0.0,0
1122202,1178,144724,45-49,F,16,906151,202,295.5499957,1,0,False,0.0002,1.4631,295.55,,0.005,0.0,0
1122203,1178,144724,45-49,F,16,699314,164,226.0300014,3,0,False,0.0002,1.3782,75.3433,,0.0183,0.0,0
1122204,1178,144724,45-49,F,16,850337,198,287.690003,3,1,False,0.0002,1.453,95.8967,287.69,0.0152,0.3333,1
1122205,1178,144724,45-49,F,16,1015460,247,315.9000051,9,2,False,0.0002,1.2789,35.1,157.95,0.0364,0.2222,1
1122209,1178,144725,45-49,F,18,890295,227,332.9899989,1,0,False,0.0003,1.4669,332.99,,0.0044,0.0,0
1122210,1178,144725,45-49,F,18,791817,194,282.490001,4,2,False,0.0002,1.4561,70.6225,141.245,0.0206,0.5,1
1122211,1178,144725,45-49,F,18,317601,76,115.6600008,1,0,False,0.0002,1.5218,115.66,,0.0132,0.0,0
1122212,1178,144725,45-49,F,18,685211,164,247.3200026,4,3,False,0.0002,1.508,61.83,82.44,0.0244,0.75,1
1122213,1178,144726,45-49,F,19,32781,7,11.20000017,2,2,False,0.0002,1.6,5.6,5.6,0.2857,1.0,1
1122216,1178,144726,45-49,F,19,76785,19,25.45999998,3,0,False,0.0002,1.34,8.4867,,0.1579,0.0,0
1122217,1178,144726,45-49,F,19,719083,206,299.5299983,12,5,False,0.0003,1.454,24.9608,59.906,0.0583,0.4167,1
1122223,1178,144727,45-49,F,20,368480,107,140.4200011,5,4,False,0.0003,1.3123,28.084,35.105,0.0467,0.8,1
1122224,1178,144727,45-49,F,20,260945,73,100.8800011,2,2,False,0.0003,1.3819,50.44,50.44,0.0274,1.0,1
1122225,1178,144728,45-49,F,21,40998,10,13.35000038,1,0,False,0.0002,1.335,13.35,,0.1,0.0,0
1122227,1178,144728,45-49,F,21,183293,53,73.74999964,2,1,False,0.0003,1.3915,36.875,73.75,0.0377,0.5,1
1122232,1178,144729,45-49,F,22,221561,55,76.75999916,1,0,False,0.0002,1.3956,76.76,,0.0182,0.0,0
1122233,1178,144729,45-49,F,22,436943,109,145.8199974,1,1,False,0.0002,1.3378,145.82,145.82,0.0092,1.0,1
1122240,1178,144730,45-49,F,23,284488,90,125.2700011,1,1,False,0.0003,1.3919,125.27,125.27,0.0111,1.0,1
1122244,1178,144731,45-49,F,24,85083,32,38.62999976,1,1,False,0.0004,1.2072,38.63,38.63,0.0312,1.0,1
1122246,1178,144731,45-49,F,24,14167,5,7.139999986,1,0,False,0.0004,1.428,7.14,,0.2,0.0,0
1122249,1178,144732,45-49,F,25,300637,84,116.9899981,2,0,False,0.0003,1.3927,58.495,,0.0238,0.0,0
1122253,1178,144732,45-49,F,25,449921,129,175.9700005,5,1,False,0.0003,1.3641,35.194,175.97,0.0388,0.2,1
1122254,1178,144732,45-49,F,25,282899,71,105.6600007,1,0,False,0.0003,1.4882,105.66,,0.0141,0.0,0
1122257,1178,144733,45-49,F,26,669671,186,259.1799988,4,1,False,0.0003,1.3934,64.795,259.18,0.0215,0.25,1
1122258,1178,144733,45-49,F,26,108655,28,46.92000186,1,0,False,0.0003,1.6757,46.92,,0.0357,0.0,0
1122260,1178,144733,45-49,F,26,536248,146,187.7399978,3,0,False,0.0003,1.2859,62.58,,0.0205,0.0,0
1122262,1178,144734,45-49,F,27,1055017,265,380.6599952,16,2,False,0.0003,1.4365,23.7912,190.33,0.0604,0.125,1
1122265,1178,144734,45-49,F,27,1428421,367,541.7000023,10,0,False,0.0003,1.476,54.17,,0.0272,0.0,0
1122266,1178,144734,45-49,F,27,1088027,272,409.5600026,9,4,False,0.0002,1.5057,45.5067,102.39,0.0331,0.4444,1
1122267,1178,144735,45-49,F,28,288517,78,102.3900002,3,0,False,0.0003,1.3127,34.13,,0.0385,0.0,0
1122268,1178,144735,45-49,F,28,202231,53,67.13000107,3,1,False,0.0003,1.2666,22.3767,67.13,0.0566,0.3333,1
1122270,1178,144735,45-49,F,28,73222,16,22.86000025,1,0,False,0.0002,1.4288,22.86,,0.0625,0.0,0
1122271,1178,144735,45-49,F,28,348542,96,134.889999,2,0,False,0.0003,1.4051,67.445,,0.0208,0.0,0
1122273,1178,144736,45-49,F,29,1097966,266,369.069997,16,8,False,0.0002,1.3875,23.0669,46.1337,0.0602,0.5,1
1122274,1178,144736,45-49,F,29,526923,138,198.0899972,2,1,False,0.0003,1.4354,99.045,198.09,0.0145,0.5,1
1122276,1178,144736,45-49,F,29,264386,66,91.00000054,4,1,False,0.0002,1.3788,22.75,91.0,0.0606,0.25,1
1122277,1178,144736,45-49,F,29,854940,227,297.9100007,8,3,False,0.0003,1.3124,37.2388,99.3033,0.0352,0.375,1
1122279,1178,144737,45-49,F,30,113567,34,50.29000044,3,0,False,0.0003,1.4791,16.7633,,0.0882,0.0,0
1122282,1178,144737,45-49,F,30,22859,6,9.419999838,1,0,False,0.0003,1.57,9.42,,0.1667,0.0,0
1122288,1178,144738,45-49,F,31,51754,13,20.51999998,1,0,False,0.0003,1.5785,20.52,,0.0769,0.0,0
1122290,1178,144738,45-49,F,31,104347,28,38.13999993,4,3,False,0.0003,1.3621,9.535,12.7133,0.1429,0.75,1
1122303,1178,144741,45-49,F,63,391998,97,142.0500025,3,1,False,0.0002,1.4644,47.35,142.05,0.0309,0.3333,1
1122304,1178,144741,45-49,F,63,1111156,282,402.3000026,5,0,False,0.0003,1.4266,80.46,,0.0177,0.0,0
1122308,1178,144741,45-49,F,63,427772,117,159.299999,3,1,False,0.0003,1.3615,53.1,159.3,0.0256,0.3333,1
1122310,1178,144742,45-49,F,64,536457,136,193.6599991,2,1,False,0.0003,1.424,96.83,193.66,0.0147,0.5,1
1122311,1178,144742,45-49,F,64,179894,43,66.83999872,2,0,False,0.0002,1.5544,33.42,,0.0465,0.0,0
1122312,1178,144742,45-49,F,64,479882,131,178.6700007,6,0,False,0.0003,1.3639,29.7783,,0.0458,0.0,0
1122313,1178,144742,45-49,F,64,358261,91,130.3600011,1,0,False,0.0003,1.4325,130.36,,0.011,0.0,0
1122316,1178,144743,45-49,F,65,346688,88,114.8599998,2,0,False,0.0003,1.3052,57.43,,0.0227,0.0,0
1314296,1178,179863,30-34,M,100,33445,2,3.199999928,1,0,False,0.0001,1.6,3.2,,0.5,0.0,0
1314297,1178,179864,30-34,M,101,72228,5,7.529999852,4,4,False,0.0001,1.506,1.8825,1.8825,0.8,1.0,1
1314298,1178,179865,30-34,M,102,49699,2,2.690000057,2,1,False,0.0,1.345,1.345,2.69,1.0,0.5,1
1314299,1178,179866,30-34,M,103,189761,18,27.32999969,4,1,False,0.0001,1.5183,6.8325,27.33,0.2222,0.25,1
1314301,1178,179868,30-34,M,105,312524,37,53.78999972,2,0,False,0.0001,1.4538,26.895,,0.0541,0.0,0
1314303,1178,179870,30-34,M,107,496760,42,61.00999904,10,3,False,0.0001,1.4526,6.101,20.3367,0.2381,0.3,1
1314306,1178,179873,30-34,M,110,310988,34,46.66999936,11,3,False,0.0001,1.3726,4.2427,15.5567,0.3235,0.2727,1
1314307,1178,179874,30-34,M,111,98606,9,12.10999984,1,0,False,0.0001,1.3456,12.11,,0.1111,0.0,0
1314308,1178,179875,30-34,M,112,51104,2,3.199999928,3,1,False,0.0,1.6,1.0667,3.2,1.5,0.3333,1
1314309,1178,179876,30-34,M,113,276762,22,32.09000015,5,1,False,0.0001,1.4586,6.418,32.09,0.2273,0.2,1
1314312,1178,179879,35-39,M,101,33534,2,2.960000038,1,1,False,0.0001,1.48,2.96,2.96,0.5,1.0,1
1314313,1178,179880,35-39,M,102,128859,16,23.69999957,1,0,False,0.0001,1.4812,23.7,,0.0625,0.0,0
1314314,1178,179881,35-39,M,103,92080,12,16.94000018,3,2,False,0.0001,1.4117,5.6467,8.47,0.25,0.6667,1
1314316,1178,179883,35-39,M,105,211882,33,46.64999926,3,1,False,0.0002,1.4136,15.55,46.65,0.0909,0.3333,1
1314318,1178,179885,35-39,M,107,112776,9,12.67999995,1,0,False,0.0001,1.4089,12.68,,0.1111,0.0,0
1314319,1178,179886,35-39,M,108,145324,14,19.82000005,2,1,False,0.0001,1.4157,9.91,19.82,0.1429,0.5,1
1314320,1178,179887,35-39,M,109,106492,14,21.26000023,2,0,False,0.0001,1.5186,10.63,,0.1429,0.0,0
1314321,1178,179888,35-39,M,110,233845,30,40.73000062,3,0,False,0.0001,1.3577,13.5767,,0.1,0.0,0
1314323,1178,179890,35-39,M,112,155426,17,25.01000023,3,0,False,0.0001,1.4712,8.3367,,0.1765,0.0,0
1314324,1178,179891,35-39,M,113,97540,8,11.5199995,2,1,False,0.0001,1.44,5.76,11.52,0.25,0.5,1
1314325,1178,179892,35-39,M,114,61441,5,7.700000048,1,0,False,0.0001,1.54,7.7,,0.2,0.0,0
1314326,1178,179893,40-44,M,100,76703,9,12.14999962,3,1,False,0.0001,1.35,4.05,12.15,0.3333,0.3333,1
1314327,1178,179894,40-44,M,101,68619,10,14.96000034,1,0,False,0.0001,1.496,14.96,,0.1,0.0,0
1314330,1178,179897,40-44,M,104,17559,1,1.49000001,1,1,False,0.0001,1.49,1.49,1.49,1.0,1.0,1
1314331,1178,179898,40-44,M,105,137879,19,28.47000003,2,0,False,0.0001,1.4984,14.235,,0.1053,0.0,0
1314332,1178,179899,40-44,M,106,67710,10,15.14999998,1,0,False,0.0001,1.515,15.15,,0.1,0.0,0
1314333,1178,179900,40-44,M,107,348180,41,60.22999907,3,1,False,0.0001,1.469,20.0767,60.23,0.0732,0.3333,1
1314334,1178,179901,40-44,M,108,146246,18,28.71999955,3,1,False,0.0001,1.5956,9.5733,28.72,0.1667,0.3333,1
1314336,1178,179903,40-44,M,110,187236,24,34.86999965,2,2,False,0.0001,1.4529,17.435,17.435,0.0833,1.0,1
1314337,1178,179904,40-44,M,111,72157,9,13.50000036,1,1,False,0.0001,1.5,13.5,13.5,0.1111,1.0,1
1314338,1178,179905,40-44,M,112,91180,10,13.55999994,1,0,False,0.0001,1.356,13.56,,0.1,0.0,0
1314339,1178,179906,40-44,M,113,86293,6,9.259999871,1,1,False,0.0001,1.5433,9.26,9.26,0.1667,1.0,1
1314341,1178,179908,45-49,M,100,101410,12,17.94000006,4,0,False,0.0001,1.495,4.485,,0.3333,0.0,0
1314343,1178,179910,45-49,M,102,134245,18,25.75000024,2,1,False,0.0001,1.4306,12.875,25.75,0.1111,0.5,1
1314345,1178,179912,45-49,M,104,125650,20,30.08000076,4,0,False,0.0002,1.504,7.52,,0.2,0.0,0
1314346,1178,179913,45-49,M,105,50406,5,7.26000011,1,1,False,0.0001,1.452,7.26,7.26,0.2,1.0,1
1314348,1178,179915,45-49,M,107,121769,13,18.41999996,2,1,False,0.0001,1.4169,9.21,18.42,0.1538,0.5,1
1314349,1178,179916,45-49,M,108,267106,34,50.5,4,1,False,0.0001,1.4853,12.625,50.5,0.1176,0.25,1
1314350,1178,179917,45-49,M,109,365539,57,82.13999915,5,2,False,0.0002,1.4411,16.428,41.07,0.0877,0.4,1
1314351,1178,179918,45-49,M,110,188758,25,36.60000038,2,1,False,0.0001,1.464,18.3,36.6,0.08,0.5,1
1314353,1178,179920,45-49,M,112,108426,13,19.58000016,1,0,False,0.0001,1.5062,19.58,,0.0769,0.0,0
1314354,1178,179921,45-49,M,113,138525,9,13.65000045,3,0,False,0.0001,1.5167,4.55,,0.3333,0.0,0
1314355,1178,179922,45-49,M,114,150858,21,30.26000011,1,0,False,0.0001,1.441,30.26,,0.0476,0.0,0
1314357,1178,179924,30-34,F,101,524306,81,113.6800029,10,4,False,0.0002,1.4035,11.368,28.42,0.1235,0.4,1
1314358,1178,179925,30-34,F,102,104496,9,11.42999983,3,2,False,0.0001,1.27,3.81,5.715,0.3333,0.6667,1
1314359,1178,179926,30-34,F,103,452519,68,99.52000237,7,2,False,0.0002,1.4635,14.2171,49.76,0.1029,0.2857,1
1314360,1178,179927,30-34,F,104,442919,76,110.7800021,21,2,False,0.0002,1.4576,5.2752,55.39,0.2763,0.0952,1
1314361,1178,179928,30-34,F,105,596831,86,120.8799992,11,0,False,0.0001,1.4056,10.9891,,0.1279,0.0,0
1314362,1178,179929,30-34,F,106,173912,26,35.54000032,2,1,False,0.0001,1.3669,17.77,35.54,0.0769,0.5,1
1314363,1178,179930,30-34,F,107,780967,86,119.6400018,20,4,False,0.0001,1.3912,5.982,29.91,0.2326,0.2,1
1314364,1178,179931,30-34,F,108,132124,8,11.18999994,4,0,False,0.0001,1.3987,2.7975,,0.5,0.0,0
1314365,1178,179932,30-34,F,109,623137,100,138.9200006,12,1,False,0.0002,1.3892,11.5767,138.92,0.12,0.0833,1
1314366,1178,179933,30-34,F,110,99020,10,14.48000044,4,1,False,0.0001,1.448,3.62,14.48,0.4,0.25,1
1314367,1178,179934,30-34,F,111,665817,117,163.8000002,23,9,False,0.0002,1.4,7.1217,18.2,0.1966,0.3913,1
1314368,1178,179935,30-34,F,112,699232,80,111.9899995,12,3,False,0.0001,1.3999,9.3325,37.33,0.15,0.25,1
1314371,1178,179938,35-39,F,100,72982,11,15.04999995,1,0,False,0.0002,1.3682,15.05,,0.0909,0.0,0
1314372,1178,179939,35-39,F,101,975884,167,237.3199975,14,3,False,0.0002,1.4211,16.9514,79.1067,0.0838,0.2143,1
1314373,1178,179940,35-39,F,102,245607,33,47.87999952,3,1,False,0.0001,1.4509,15.96,47.88,0.0909,0.3333,1
1314377,1178,179944,35-39,F,106,485369,114,164.6400015,3,0,False,0.0002,1.4442,54.88,,0.0263,0.0,0
1314378,1178,179945,35-39,F,107,866355,139,200.8299961,11,5,False,0.0002,1.4448,18.2573,40.166,0.0791,0.4545,1
1314379,1178,179946,35-39,F,108,502710,72,105.2199969,8,2,False,0.0001,1.4614,13.1525,52.61,0.1111,0.25,1
1314380,1178,179947,35-39,F,109,475184,88,127.3200028,4,1,False,0.0002,1.4468,31.83,127.32,0.0455,0.25,1
1314381,1178,179948,35-39,F,110,357401,47,68.67000008,8,1,False,0.0001,1.4611,8.5838,68.67,0.1702,0.125,1
1314382,1178,179949,35-39,F,111,99810,14,20.05000019,2,0,False,0.0001,1.4321,10.025,,0.1429,0.0,0
1314383,1178,179950,35-39,F,112,81569,6,9.409999967,3,1,False,0.0001,1.5683,3.1367,9.41,0.5,0.3333,1
1314384,1178,179951,35-39,F,113,441192,53,77.59999979,6,2,False,0.0001,1.4642,12.9333,38.8,0.1132,0.3333,1
1314385,1178,179952,35-39,F,114,90470,11,16.73000002,1,1,False,0.0001,1.5209,16.73,16.73,0.0909,1.0,1
1314386,1178,179953,40-44,F,100,834243,166,246.7499975,18,7,False,0.0002,1.4864,13.7083,35.25,0.1084,0.3889,1
1314387,1178,179954,40-44,F,101,696612,152,223.1899948,31,9,False,0.0002,1.4684,7.1997,24.7989,0.2039,0.2903,1
1314388,1178,179955,40-44,F,102,329333,48,67.60999918,1,0,False,0.0001,1.4085,67.61,,0.0208,0.0,0
1314389,1178,179956,40-44,F,103,1114711,224,319.0000019,6,0,False,0.0002,1.4241,53.1667,,0.0268,0.0,0
1314390,1178,179957,40-44,F,104,267316,58,82.92999887,3,0,False,0.0002,1.4298,27.6433,,0.0517,0.0,0
1314391,1178,179958,40-44,F,105,228629,38,57.0,2,0,False,0.0002,1.5,28.5,,0.0526,0.0,0
1314392,1178,179959,40-44,F,106,758340,159,233.110002,13,4,False,0.0002,1.4661,17.9315,58.2775,0.0818,0.3077,1
1314393,1178,179960,40-44,F,107,877535,149,217.7799966,5,2,False,0.0002,1.4616,43.556,108.89,0.0336,0.4,1
1314394,1178,179961,40-44,F,108,1357386,223,323.0600071,10,1,False,0.0002,1.4487,32.306,323.06,0.0448,0.1,1
1314395,1178,179962,40-44,F,109,280240,61,87.99000168,2,2,False,0.0002,1.4425,43.995,43.995,0.0328,1.0,1
1314396,1178,179963,40-44,F,110,419922,75,105.4500008,3,1,False,0.0002,1.406,35.15,105.45,0.04,0.3333,1
1314397,1178,179964,40-44,F,111,402975,83,120.8999977,1,0,False,0.0002,1.4566,120.9,,0.012,0.0,0
1314398,1178,179965,40-44,F,112,1137635,211,301.0499992,30,10,False,0.0002,1.4268,10.035,30.105,0.1422,0.3333,1
1314400,1178,179967,40-44,F,114,250234,40,62.31999922,4,1,False,0.0002,1.558,15.58,62.32,0.1,0.25,1
1314401,1178,179968,45-49,F,100,904907,195,279.219995,11,1,False,0.0002,1.4319,25.3836,279.22,0.0564,0.0909,1
1314402,1178,179969,45-49,F,101,589270,107,158.0500023,10,4,False,0.0002,1.4771,15.805,39.5125,0.0935,0.4,1
1314403,1178,179970,45-49,F,102,168714,24,36.01000071,2,2,False,0.0001,1.5004,18.005,18.005,0.0833,1.0,1
1314404,1178,179971,45-49,F,103,71982,11,16.34000051,1,0,False,0.0002,1.4855,16.34,,0.0909,0.0,0
1314405,1178,179972,45-49,F,104,558666,110,162.6399975,14,5,False,0.0002,1.4785,11.6171,32.528,0.1273,0.3571,1
1314406,1178,179973,45-49,F,105,1118200,235,333.7499943,11,4,False,0.0002,1.4202,30.3409,83.4375,0.0468,0.3636,1
1314407,1178,179974,45-49,F,106,107100,23,33.71000051,1,0,False,0.0002,1.4657,33.71,,0.0435,0.0,0
1314408,1178,179975,45-49,F,107,877769,160,232.5900005,13,4,False,0.0002,1.4537,17.8915,58.1475,0.0812,0.3077,1
1314409,1178,179976,45-49,F,108,212508,33,47.69000006,4,1,False,0.0002,1.4452,11.9225,47.69,0.1212,0.25,1
1314410,1178,179977,45-49,F,109,1129773,252,358.189997,13,2,False,0.0002,1.4214,27.5531,179.095,0.0516,0.1538,1
1314411,1178,179978,45-49,F,110,637549,120,173.8800035,3,0,False,0.0002,1.449,57.96,,0.025,0.0,0
1314412,1178,179979,45-49,F,111,151531,28,40.28999949,2,0,False,0.0002,1.4389,20.145,,0.0714,0.0,0
1314414,1178,179981,45-49,F,113,790253,135,198.7100005,8,2,False,0.0002,1.4719,24.8388,99.355,0.0593,0.25,1
1314415,1178,179982,45-49,F,114,513161,114,165.6099987,5,2,False,0.0002,1.4527,33.122,82.805,0.0439,0.4,1
